"id","type","target_id","advid","address"
"3","25","24","10","bc1q5979ns9zrhtq8j2znkf59ldmd4nxc4hamuq8ut"
"4","25","44","27","bc1qj4wvkmggfdpa60tk7ag75zd4yjr77zqa0r69yq"
"6","25","113","43","bc1qn4yxpzxc57apezdvp9ytjcwcygktltxnq397lx"
"7","25","137","21","bc1q8t2hjln7manplkclqe5m63fju3888uhmverzza"
"8","25","132","12","bc1q88ada47ek3k6quf4udwp84klazff2avhhgyfc5"
"9","25","150","12","bc1qz2h6e9fct4drpcrpua3um0uvzk3ptzppvrzpyy"
"10","25","168","37","bc1qhjmry5zc8g5xz2lued8q9du8sy9ld6gq68pvwv"
"11","25","168","1","bc1qdxjvasjdddtkgnycgqshczgys3ef2l7kcnpr89"
"12","25","186","12","bc1qg93m0kwvt8l4tcx4mkqy2m3sawdlj9gnvak8h4"
"13","25","192","12","bc1qjctkrm62l6rp37w7pv4wz4h2pwsgmhqqhxgasn"
"14","25","196","65","bc1qale5822rt5kq8s2cds0a8xet6z98y6ffgpu72m"
"15","25","200","65","bc1q9ks759pfsg7gmrl66qpke8qds4f76l5h822tz9"
"16","25","202","65","bc1qddyzjdrv72qg5gf4k0nugwh36k007hr80683uc"
"17","25","208","65","bc1qna3lkntltdaylku6n24alw8zrsmq4l5eqcqrrr"
"18","25","209","59","bc1q07r0rgqysr8k72r6u2zkz77zssp7fztpuau5m4"
"19","25","236","12","bc1qszj958vn26yz0pza7ftq9r5g3edfxayf58d32f"
"20","25","234","65","bc1q6696y6dt6n6ygxcm4ppqszuw6ye4a99e36c3tn"
"21","25","245","70","bc1qrh5zhmd9lrauc9l0cuhmdp58cy0c3wfj79e3y7"
"22","25","246","70","bc1q8980rpzy9f6meq8hur75ept62aug6dfrxnlwc0"
"23","25","259","70","bc1q7l5l5ku776c52vumpj2zmgkj8f6z9xyfc38jt6"
"24","25","261","70","bc1qdf6hfhnkdkdg6e6h3hq8h5al08fw3ks4m46phw"
"25","25","263","70","bc1q5tanumnzxuhk0vxkmaqvhqgnq6sf0855trrmjw"
"26","25","267","12","bc1qzxzpuptravtkzu3wlzn5tgmec5yvvwvumavxgc"
"27","25","274","27","bc1qu6rpk25x346vysvv0n6yuch7j3836txutgpuw2"
"28","25","276","54","bc1qkvtgpyu6y9q5vmfykmvtw4l8sxryqf84tv0prg"
"29","25","0","0","bc1qxfg6wedhenpw6u6h8ltuzdes53tvwamcmjx742"
"30","25","0","0","bc1qp4u72yctyfzldjw8apzzuqhsr2cdj2nhm2s6s4"
"31","25","0","0","bc1quyeldvstfy9wy3n99x6dr7tdw545dzrvqhvc9w"
"32","25","0","0","bc1qjn9d4alkgcgxm8psyhd42urvkszwx22hp5h8nj"
"33","25","0","0","bc1qtdvyugq6xzsv9hgeg9wtje499je5za48t8ren6"
"34","25","0","0","bc1qsklyax32maq6e6zau535v497czvnuhsa5rqu9h"
"35","25","0","0","bc1qtdelzm4np295t6q2m7a8k2wg774nkyshzzww2q"
"36","25","0","0","bc1qkvxrx7ehy97kvz8l3ry975a3nph9agxx9g4sfr"
"37","25","0","0","bc1qqfhue2prklfyta4mve55uvv6kppak4u3c9n0qk"
"38","25","0","0","bc1q06mx5gqrt6eker4da3jvjm2t42eu7ukxyjpsjz"
"39","25","0","0","bc1qa8ec4pd6cwfq2cl8q5u0gcnx97nt23xs3rmvfn"
"40","25","0","0","bc1q4u47tp8s73dvk8yangk3hnxx6cp6tkqq0y7w2q"
"41","25","0","0","bc1qrks6xnsfw80e207h2vahm3eeqweptxumw7fuq8"
"42","25","0","0","bc1qmx0grvzc3pnwqc2p64dhtju4lxvct3ujwcedv5"
"43","25","0","0","bc1qwvtzf7ew98uvguwy64uwwa05uqgluspd5snfzy"
"44","25","0","0","bc1qsxsw33wwukm67af8wex6uuh65l60zvm89deyfz"
"45","25","0","0","bc1q2a26lk3j9jdt7gjs8fkvtyhhvhq4rvfed0mudn"
"46","25","0","0","bc1qtfudlk4hv8udvffc69tqqx09px2c2vw2p4zmhr"
"47","25","0","0","bc1qlcrlwfhm4ppfqn0dpafq98k5dyj2zefmfntl08"
"48","25","0","0","bc1qllk3w2u9ak5kdagrm5js72ctpk9pwy9lm6kh3j"
"49","25","0","0","bc1qhmscgakre2raw8ntrv9vgje6tpv2wau9yzzw0f"
"50","25","0","0","bc1qzzalmgqczl4ap98g54mlfudfal93wsa09yzcm4"
"51","25","0","0","bc1q6arl75dxye79kz6hfdkr0tmup2tm8l5p6jy2mq"
"52","25","0","0","bc1qege68m6n2aanemjpx5ajlcz9j8q93tch82vdss"
"53","25","0","0","bc1qhwz2q30yd2kvhtqnftzehqf8uyymw3fajdfsnv"
"54","25","0","0","bc1qyuu7sqjtc5r5ve54xu52tq3c3x3jjspr5j7950"
"55","25","0","0","bc1qdcplkdmtzyrnzgtxpdajq838e9carz9972vfjj"
"56","25","0","0","bc1qzx6a9x68ypezw8dj8ckxvvptyk43mfml79ydmm"
"57","25","0","0","bc1qmfkhlep0vt7vmd6chuprcjzyl467cqzqkd84gx"
"58","25","0","0","bc1qnzhdwd58er3f52perx2440ryey6m63gvk5g5vl"
"59","25","0","0","bc1qfuqnusr8kxawvwychdqz6vnh9qv6d874tm8rte"
"60","25","0","0","bc1qag8lnul63xfcp9xa7f42jrv4mwq5shp9679hte"
"61","25","0","0","bc1qvg32acqgse9uqdq037kxllpp6v9m48v0llfrh4"
"62","25","0","0","bc1qynx9se8d6xcjjxzwqz37w7hkjv6czlhch79l44"
"63","25","0","0","bc1q043r9k983xc53qfuglpv343mesjz087jw5xmks"
"64","25","0","0","bc1qjzwykup8djdps69f4c50pgt0397ecv3deau8c3"
"65","25","0","0","bc1qypktvkh4yzgs3fg87uzyj2cmmsrdpzn7kxdfmr"
"66","25","0","0","bc1qmkn6vswu0l58qt23pltzmndqh3l5xf5dnanvsz"
"67","25","0","0","bc1qklh7fn9j6gewupjx5uq4nnxykaxxt0mq450sgw"
"68","25","0","0","bc1qclecl30pm6c4904gqq05xycca56vr8uh58dk8z"
"69","25","0","0","bc1qnzlnkulmzxrvrm2wmdv5kn3xvyq9xp5l2zhjl3"
"70","25","0","0","bc1q5dslckra82gkk5sy323jhvny0p2g0e8ss4vmw4"
"71","25","0","0","bc1qcxg2xg3zs8y7yehaewduqrr40qfm4vahwu5ddj"
"72","25","0","0","bc1qyzclue2n5a0l2wmxt3lly8czfavdr3w3dc5jv6"
"73","25","0","0","bc1qp9a2vf0u72cq8ffaaa5u0r23pp63ldzv8e3ux2"
"74","25","0","0","bc1qu2hzy8taezmjc7qjnfs7kha44r5lae3zttglrn"
"75","25","0","0","bc1q4wlht4dxyjy6zpssfusdswn4squz6xlrpv7rp7"
"76","25","0","0","bc1q8sex0u3l8qs5ytng5jal06w0hpz594zhdre0j8"
"77","25","0","0","bc1q3ycs37ljgvprc72mqsq684640qnttfckk6h3fl"
"78","25","0","0","bc1q4cmawkk40kqtlgjg6e7t9pwqgn9t4vv3gmyde5"
"79","25","0","0","bc1q2elxkjwe3shvetppdc49mqcl7ysyep8sr53qq2"
"80","25","0","0","bc1qh0au9fkz56p48f2fr7m5v0mzzv73k2nmwewh2a"
"81","25","0","0","bc1qx3nfn3mtsjm45xtkta6eh7xsep5xkce5554l58"
"82","25","0","0","bc1q207yaype9u6qp2gjutwyjxnez40t4vfm94lyrx"
"83","25","0","0","bc1qzpkc45ghgj3jh6c0t9qr783hv7mreqfvtnk72s"
"84","25","0","0","bc1ql99g0wwsfnmt3pfycqvq34fatfecau8z4t8qc6"
"85","25","0","0","bc1qlx39dx3kvct9ja9eqckv32cnt0k9prea8qnyf5"
"86","25","0","0","bc1qu4esyevecute6wzxse4xjnjgr3k67vuhtdvpcq"
"87","25","0","0","bc1qtyup4d4pvppqmrcv7k5dftg53qlry8af5f9v59"
"88","25","0","0","bc1q34q5hyl5fdxqeark4ujw77erz5lcxx78ufc5lu"
"89","25","0","0","bc1qg9w5p9347zeg0lugzj3h38xuzm0tawkk254e05"
"90","25","0","0","bc1q7v3actam8k2q4fscp47vc8h3upxgzz796prcjp"
"91","25","0","0","bc1qcdrg6vxszu0nez3dzp4rqdt2vpdst9h2xxg8p6"
"92","25","0","0","bc1qnccu46sns8p0fa2x5x5en7epfj439ww95alexe"
"93","25","0","0","bc1qrq5dkt8wm0kvu5cgkewc7kp064l5vgw6htehqe"
"94","25","0","0","bc1qnyt6ryvvjz6hfvry237h0zu3apd9394ksqumjf"
"95","25","0","0","bc1qfy400dpykvngnvm0d8aezqqddfmrpys0x7m06g"
"96","25","0","0","bc1qppllgz2kymcvzwe6rqltmdxhamd2tr6k4up5d3"
"97","25","0","0","bc1qv40t5vlm90ljzkveqvuv0a34tahd8h4vcntrjj"
"98","25","0","0","bc1qsk9hggps0luqq5x4f0gcxqwjh425s6sqpvt7e3"
"99","25","0","0","bc1q83ld8qtdp5v4edhz939s6626xl3x89sf6923am"
"100","25","0","0","bc1qc2zwv09dfmwwy7y8gdhwwp0qqwt0xht8whza2n"
"101","25","0","0","bc1q55j3mgzr2yfhf0rgf2lp0pqvmz8hqr3w72ku8c"
"102","25","0","0","bc1qgkdqp83htg2kp54nxm9njzd85ywvgyjjz8dzkf"
"103","25","0","0","bc1qjuthmapxtf66exaf3k5gkzss5x2wmd8agnp526"
