"id","invite","order","btc_wallet","monero_wallet","amount","status","created_at"
"1","bb2d1eeae1462971a0251fdf92e79bff18e7f326","","bc1qvv7ud7t4fvu9u7khvx3v2l0gnfm6cfal463ezy","","0.007558","50","2024-12-18 20:01:42"
"2","5f8d9d4c2b02fee11550c6dcc1310076b6b94553","","bc1qm7m7lacj086hg5pwqdywlpjr0m5kh8q9fqawgq","","0.007559","50","2024-12-18 20:03:54"
"3","8ce554b73346932c3ed621c2d714c2cf02a03461","","","88pvaqMgL8K67mPhfTMxyPTCKYx3MoTES2GpUxY1P1j3aWaUrXFWxiSaMipd3ftBKHPMwQ4gxjK4GbSki1QGNACmTudQGTP","3.526048","50","2024-12-18 20:04:10"
"4","30d9815e74382e97bfc20c249bd6ba87508beec6","","bc1qyuwez2h3mau80xnmrtr25uj02nyzzn43fkgt7q","","0.007693","0","2024-12-18 22:30:20"
"5","ccb079670f53f8f870f55df28f699b344fdaebfd","","","8BngRsBy3z9g4P762MS56E4faut8CQLRk8WqWrVTFbmZPhxVJEP78vMhgHogikSUa9gcWuZqeuvdDaipTxVdrjSNVYro9xN","3.574715","50","2024-12-18 22:31:13"
"6","de56ce10be9d5408cc3474b786c02455743f9bec","","bc1qmckvu8znc6z6xsau8t8cc92dez787sfd569raa","","0.007750","0","2024-12-18 23:57:00"
"7","922cdf8818bb954401119a4a5fc8f09a20f17b13","","","85b5DLobDdQSrgQHnfUwsjMR6FfM4fzutQtqj5A3pWEBEBBWF8gMpjQ7eEm1dGFFc2FN1uz95qxheXjzbrdmefDvESK5psC","3.652002","0","2024-12-18 23:57:11"
"8","a00d856bdfc47cacc1bd25c641d8ec0bb9364f9d","","bc1q6epdl03l005srk65emlnr7tekxxle0vy2xqagr","","0.007708","50","2024-12-19 00:29:37"
"9","05cde4d82fc362b9e6f912c3da1988e43006740d","","","88EtfMNsmVB9bB7L5d2m7oSD3M18vL7KHggTf77CDPbDJWkp2SaCN9YDjfCscv6dCEPTWZs1TZrqqCgKChUFkW7hA4Pf5Jt","3.626097","50","2024-12-19 00:31:53"
"10","9a7c7fadf3ae81db0df9d9a82325f0a9c0d30200","","bc1qqe8lkddsvc26aw67jqg0x6drney8vg7newakxc","","0.007706","0","2024-12-19 00:37:14"
"11","3d0011015f99d15506043dbc441169a06ead98e9","","bc1qruxc0fmk0aht8qcldmnlsqz24urnyhw70wu7q7","","0.007706","50","2024-12-19 00:37:25"
"12","f80519eb86ed0305098f630f55d403d49ed17518","","bc1q2umdph8dcstc0acs2am30466tpuhhyml7e3vzz","","0.007707","50","2024-12-19 00:39:33"
"13","73a9949fcc11e9624d9e8c5418d63504540556b3","","bc1q8jddf489xn2558y53ryc0etzunl25s8ch4rmtw","","0.007713","0","2024-12-19 00:40:57"
"14","bcd257f1c81c5db7380befef4c3614b2b7ebc1ee","","bc1qqdz79znzyzu7rpxmq2kfl27khlxehmua080lcw","","0.007722","0","2024-12-19 00:41:15"
"15","e24a74b7fd429f4a8eca2fc162ce5177e4c56e9f","","bc1qrayjyl4vv9sdnj95mwctte4dkqu4pcy7w8s2jr","","0.007728","50","2024-12-19 00:42:52"
"16","26b8c77f45777c22046439ae6193af5891483ead","","","85xxxCxreUSHxpjWqkEwg3g4RAgjEg4RuY9rqrFJVyTbDkeLqjNVJo395RNJYt1cAx3ptMe18uDtgaMjYTrx94pDFP51hmH","3.623898","0","2024-12-19 00:49:35"
"17","fde8b65d4fd1d4e761a566d5f2153a2ce7597818","","","88wRn5vGUmFAGu1Mz86vMpbgcBatnjbStWtdo2xVTjNBK115dVAHjYHUgyt9hdpMhCZDFdz5kVxKZSKA9isUTTskJ4uQrb9","3.623898","0","2024-12-19 00:52:29"
"18","d0aff9e24888abf094b9dda8bd8e6f82ca6e0a21","","bc1qtknp7p8m2rs56av3rggppd6w6apha2lhhyn0ts","","0.007743","0","2024-12-19 01:12:23"
"19","24578006429c5a55ce0b502bd58325f19f3a649f","","","883VB3DPkcEYGDXSzYa9YKZujdVfu3N44cxsiRr8M7h9X8uf8CvAEYHbjZVmdzvT9BE5A6ymSVurkgow4Ze7GVvL48TNoQH","3.610595","0","2024-12-19 01:17:01"
"20","be4e5abc5b2dda4db69d0a1000a969c6201320a1","","","87ByMpSuv3VfpqM2RCYE5CAoYWT8YXd1ZAPeWK1HpxzAFQrzMmkPrM59ebSmVJUx1UC6bTFdB1gWgTQ6BgkZMJDRJzYaupx","3.610595","0","2024-12-19 01:17:33"
"21","cdcd6aa921fb0a361f1130537d74e9c7560b1910","","bc1qemaza43kvtt0dwz8flcsgrhtz77lwtns02wxsg","","0.007743","0","2024-12-19 01:36:29"
"22","e2c1ceac1d614bdfd1b9734da53599ae5a186558","","bc1qvaukt7uhnasdalvwqhwrpk453sduwsntsdsf63","","0.007744","0","2024-12-19 01:37:41"
"23","b53224467a5b5f3aa5b32e0ee2bc2db71a5a3686","","bc1qqcw5f6ls7w3zxprx9fqtxg2ct8ylcg3rkf7xg6","","0.007742","0","2024-12-19 01:41:31"
"24","cbcf323a4556fc7285d7bb2e4bee8ef0df90151c","","","872iyd9cxz9BsAtuJCvtXhHrooifXg2yHXVSxtRcnEp6XBPxtAWoyXZHqWuoEGj7EnA8msVgoA8UXdXGE5iaqQhdTJWjqAS","3.653891","0","2024-12-19 02:05:21"
"25","41b8cd6159dcef76be535c05ee1b110329d9564d","","bc1qhdzylw4q6wdy9y2xzyqplue0a62jpzrys0eu0p","","0.007841","0","2024-12-19 02:15:20"
"26","b18ebc73fb1d90d2840aee15976406f2b069dfd2","","bc1qfzn7pr7r8nw0k25a44cmuz5wra8jal6e7n3z0x","","0.007807","0","2024-12-19 02:25:41"
"27","c823146a49fe8639a7df475436df417a9d92872a","","bc1qucplp9n0ltd3054p652s5ttzh34s9pz9ky9rc2","","0.007807","0","2024-12-19 02:25:54"
"28","1bb23fd277e1a776e6665dbf0d021082a026bb5f","","bc1qywg763lr3nfk2fy7suhmy75g369lpuduccpgny","","0.007812","0","2024-12-19 02:27:13"
"29","60efd220138d8a3ed757f1d7598841bfacde845a","","bc1qtfpx2lsqzfvz0ptu4jg298lg2756v6vypugpqz","","0.007812","0","2024-12-19 02:27:21"
"30","5f338f20cb498c208359ace64c846d0453a94289","","","8AabXRJHVo1di5mKoTX3mwdwoDMKb4dHN2uWu5i4fSYfJFJppRxFppu4LmKnY43DgjYo4QcfW2tdNDMdodMqMjTUKTRThNi","3.750724","0","2024-12-19 02:28:06"
"31","4d5dcfc86b5e736969bd924871e9abbd91f95ce2","","bc1q9temqw0llhtv2htuwmt07wzcl6a9gpc9ewwnu6","","0.007830","100","2024-12-19 02:40:47"
"32","a6afa59654ae42c0aaacb4db8a79234d8d2c1c18","","bc1qrjyvys48ar8zu3vlr856lyd2hsx64sm368ae4w","","0.007812","0","2024-12-19 02:50:39"
"33","04f709a4d525c3be843b195cfa78ac81dc02366e","","","83gGnY7mdfzbjByqwt6u6VjHSuhSZiRo1XtUeuXBV3Gf663ovuFXY8NPHQhFdFNF3G74znE5agubGTPZdQDHXNa66JfE7wD","3.887721","0","2024-12-19 02:50:42"
"34","bacfc2605778ca711d7a883c3341381b57b64315","","bc1q9wztwhpdepd97lq3n2k4cpx9c56mtrgvr0mvyk","","0.007812","0","2024-12-19 02:51:00"
"35","2b81c0d548ec19ca98abdb18388227a1359404b2","","bc1qnafk52rj93jjrsfszednn2u3srlevlcq3st5y8","","0.007812","0","2024-12-19 02:51:10"
"36","90b5aa6fbbdf832e754b3b25ce9da315cd200dbb","","","88JpRrTn8Uwi1DZrn1spxQQ2Ccu8fg1HzfstXYPscfa4jkSNFeYKPRSF44Gp11P5F2XCRN8G4QY3iU2wTmYPnnQ94LHAiYg","3.887721","0","2024-12-19 02:54:42"
"37","04271dd274a49b8893c77d9db83e5e11ead2e6b8","","","83467yhVVzGehtXTdA4akfQeXcFC4RcHDDP5s6bhYgbW4vdfKqgQSNa3Q5wazQiPWMZncWyhXaUtRdA4ZKAhF3YNJWTreWP","3.887721","0","2024-12-19 02:54:59"
"38","481cfa93a6b1a359a25759e8f576f05f3dfd8458","","bc1q7vjy8863wnkwsyxumk64ttxhnvxwdrr93sus67","","0.007780","0","2024-12-19 02:55:07"
"39","e4f38c1a4bfb3470f6b289c99078e28344e0099f","","bc1qplp7dg0jvmdc8x84s9jznj50vtya6y0vclvqyz","","0.007780","0","2024-12-19 02:55:19"
"40","d554a223ed310bcf7445c61b83819608a044fadd","","bc1q6nqw9s9a9jap85rmfm7m2yqh9gz6zqzkruk93u","","0.007780","0","2024-12-19 02:55:33"
"41","6c8976bd45f8a2c3095b24caadff3c5f453eab77","","bc1q8k9pdsy7zrjqt4l9mylkrsa73gpgrj3g5rd5rn","","0.007781","0","2024-12-19 02:56:29"
"42","9d5ab6a249c5d56f19cc591cac38b56e57565f39","","bc1qnvwjsmxzkjyx6uukfj3h7dns54e9fs9hk68f8t","","0.007707","100","2024-12-19 03:11:57"
"43","5061aa9d0326af28945b933a7f900ad3889945b7","","","89vJ9vAUPB8NKDhFFkCpsrfzzg2ZHDJyADLCMMLCbvfdJhGsK8Gq6EM1NhtGXWZXPvQrX8FzCSPrRfq4DYEkfyvE5bKperd","3.765265","0","2024-12-19 03:17:35"
"44","01ed06d78ee505e1ae0d4a4a337c857fa838cf41","","bc1qjmqzqs5lhc6dczkm2dx8d7e9vmssnk2s3rh2n4","","0.007705","100","2024-12-19 03:22:52"
"45","c45aeb894f093bb0d78f8bcb34f3c595d00bdc90","","bc1qaymjqysy2etqldss7nmhf2raams733cnpd4hz4","","0.007713","100","2024-12-19 03:27:32"
"46","652e976d81551d8306ac1d853ff9299aa0e00b42","","bc1qaal32wvksht2jjysnxkgxzlefml4t0hv08xqvt","","0.007685","0","2024-12-19 03:54:25"
"47","0242dca273d7015d461c7ddc01fd7a74098bd31c","","bc1qahk0ssjhz88dzn92zndgeqgmz28nxn9upnqrd5","","0.007680","0","2024-12-19 03:58:29"
"48","ae9a11c982cf33854d62524312b3d934fad9ad0a","","","83vMDhL7LwndmiAj9ar8u8Hcb9V4adMTYFkEcFT74HHMKiNkk3T3iFQfnvFy5u5V1C5NpjPWvGZLzRiC3exf2wCWNbUAbcA","3.641391","0","2024-12-19 03:58:36"
"49","8879ba3fdf31c500c0b7d45233502ec29799e0de","","bc1q9ntqrgsrzu9gzz475zy5uc6d5vem7rh0wdcmmw","","0.007680","0","2024-12-19 03:59:06"
"50","199b1a8274cc9af728661072cfc8e54f62d86d4a","","","85yVpC2C9M5cxLDYWnRcAhMv2Dk9xa3RBFBg8KZpHdkf6yz8JCbACtSCkbxHNF9HoE2gWUSSkuUVuM1w4az69a4dKVwcTmk","3.641391","0","2024-12-19 03:59:33"
"51","91f64c8c4d264002948d7b58825dafa2389e1d6a","","bc1qsar8lf4er2pr2pashytsz6qr5n52t5m226mg7r","","0.007690","0","2024-12-19 04:08:31"
"52","8588a0441281033e00a95cc5e9c1ff2235fd900d","","bc1q2a2zlk65x36nffgwzsuc4vjcczgr94yxmee3ls","","0.007686","0","2024-12-19 04:14:33"
"53","258aeb74f6f7d1a2dfecf6905c0d556bb7ca5427","","bc1qgrjezkdlyykjc5t66v4cjvx84c9369paalurxx","","0.007686","0","2024-12-19 04:14:58"
"54","9ae27a11eb3305fa0f821b0ec68010bf46fca49c","","bc1qqt799x4kgtywmpu92snja9wz7qehez8lgc3uwp","","0.007689","100","2024-12-19 04:16:29"
"55","45184d890ac69ba2d45c9d35f4cc7db9db1dab7b","","","8BYp73DpnzWdJ9eTv8SNqj2xYE1NERubaUZ5Gt1VXkEsEnLd531pJWdfEBUNudzjznBXDNALw1LaxETjd2RcQPyJBzfKmKv","3.640367","0","2024-12-19 04:16:54"
"56","d6016a7ad6fc3f81a3e8efab18edea6eaba0334e","","bc1q5q9cftxpuer8ra4suj5s4gvl9r6hpkuyk8rec0","","0.007695","0","2024-12-19 04:17:30"
"57","0cb1bf9faa26680c9b23a302173adff111794c2e","","bc1qu63rfhzdhzr49skgcpu5qul5rgfsv7r93hpfn7","","0.007695","0","2024-12-19 04:17:49"
"58","76aaa307f3ea6e8f3bb9d99d79639f47a4f63793","","bc1qdqxd58amqsw0xd8n84zpv9zf0sw4rz0d2rq88y","","0.007695","0","2024-12-19 04:18:00"
"59","25879d2848f381355e4e6f27a81ee640a2d9da4b","","bc1quj3yfjl730gd92fl0uvmp87jw5p4474ah95pxj","","0.007696","0","2024-12-19 04:21:43"
"60","284bccbcea1ec845d9528bc2b6e6acfd506b4fa7","","bc1qv0klrex5dhu4pje9wgu9z3ygy2zsmttay4ds23","","0.007695","0","2024-12-19 04:30:43"
"61","4982a5d1f9d037fcd92b8e2f6749b02c5d945eaa","","bc1qa8vdsxvxvvjt32qecep0u3a9wyuaa8wucvh3ec","","0.007695","0","2024-12-19 04:31:12"
"62","045ee5e28e46db47fb97446808a7f93fda1707a4","","bc1q8ls6qq99wukrkt86j57d7ew75gxq66xl8hzw9q","","0.007695","100","2024-12-19 04:31:33"
"63","456247714bd36fcabdca12bb68e06d55837b1fbb","","bc1qals9wd023zd2t5rd9xs8j883tl8hf22w36mmd4","","0.007694","0","2024-12-19 04:32:13"
"64","a0817595e7fe4da626ec1e3f8d74f75bd90c6501","","","86C2584C48WX4J7tvrsiRCYz3bd2hMb55gDwtcsXuYQhRsvidygTkacKWYmyCkkSFXWrk4wh7UpYTBfsrme1rFMSJZRwtjp","3.642415","0","2024-12-19 04:32:48"
"65","19a2b26741d6851d1fa1528bf877224d9fdbc2db","","bc1q9t03qfd4l4ggfltwhw4vflgfqkt8yl3n7dy8kh","","0.007693","0","2024-12-19 04:39:32"
"66","e93ea79abfd6344be047a8ce192fba9d02888901","","","88GSTUCyf6SiKdmmWFVGCtFNjWhEuiBxpPkXfZRCUNTVZ4WDLVtZmYQUu7Xte6KGB4F5HRLk9MTWHF1PgbdeUoYLFSnj8wS","3.667689","0","2024-12-19 04:46:48"
"67","cb3bfe28a44bf3b35eb0cf907d91357c6ce48bb1","","bc1qc4r2yj2xpkm69r244fmgaq5suepn4783dtpe3a","","0.007704","0","2024-12-19 04:46:50"
"68","77e1e6358d96a2bdd2c285cea44e230eadd55b64","","bc1qlthuwv9a62cqgm0ftq5ul2zzypcqfc6zsp6zcw","","0.007704","0","2024-12-19 04:49:59"
"69","f82d99520f11ff9c30f08059d073b60d64d7f727","","bc1qgs5u0wr87echtaxnf7texge6m4yuxlef6g3233","","0.007703","0","2024-12-19 04:50:43"
"70","d42909fcac31dac3a923af5f563d8c5093e4ef04","","bc1q6e6zn88nkvqspf28qlgvaaxtclsjx2a42z0fmy","","0.007703","0","2024-12-19 04:50:55"
"71","b2b46a8291c7d68f2cb0508cc4de772e5d476ab9","","bc1qlnjd56kxxswauqk452djw7lw3lzmn7242hgl95","","0.007707","0","2024-12-19 04:53:05"
"72","58ec55caa1d23374738423587568cd8789524fe0","","bc1q263y52jwes9rs48kw0mw9wcnd9j57yygla5myg","","0.007707","0","2024-12-19 04:53:14"
"73","b7d8882770a723ac6edacf4125e9e94b26727ae2","","bc1q3xh5uqxjsmw53x6twtm3qah879lmp6r6r9wveq","","0.007707","0","2024-12-19 04:53:28"
"74","ee44e3f7d4c72fd76f8c551f14ce1fee88d4d647","","bc1qel5fd7jku844t8jtkldh6ydm7qvy04urn8prwg","","0.007713","0","2024-12-19 04:56:55"
"75","9049de579f4dabb0816b233287d4b3f2a307fb60","","","877Zv6euNFKHQQZP4e5A9CTKwRbPJz7ikRGvjPsTsa9Dh7L44Pgd26pDm6oJEx1fuYPfMhfDBMCPhPYdqGEaWxozQ3RrtGF","3.676888","0","2024-12-19 04:57:29"
"76","e46dce29768e81a7e0daf6e7f3c404745e5967a7","","bc1qfumk9zacc94agza6cv0ccsypcagqv22npxxa70","","0.007713","0","2024-12-19 04:57:40"
"77","257041357196df11f8084f31e1b83137de7afebd","","","86dzHJzxRvxKVssGfbWQhXfsuvbi4ucLhdu9xhU8pvrDiz224W3g3A2NcZNqiC65Jk2y3eJ4PUGHjSJYjaqcEm85BaGhdwA","3.670115","0","2024-12-19 04:58:53"
"78","a8485c73819c1639bd6b5250c704831d1c75b00d","","bc1qyeyg7dgqjl60kewsxlw7s3de0v0ne0y9v6ufga","","0.007715","0","2024-12-19 04:59:32"
"79","7c138088a5d30146b7a73d7f797133c092c7e73c","","","84hxUBrG3UW9Yw28dj6MP7JmivpB3BYChGi6QgGb729SjmVVg85kF6H6GvLXPgB9mPHHcoGJtWf4z7nQVotCcRx1QWXZeya","3.670115","0","2024-12-19 05:00:45"
"80","3ff3c3487a1cbbdfe8419ab5d523913ebe7c7ec9","","bc1q78mngl2ed6pgnx0mv0fn4qm4sz546p78vukwnv","","0.007722","0","2024-12-19 05:01:25"
"81","aa95acc2454e06b3011e0bcdc4412a859988fcc0","","","887veMFoPcG4RJDiMCxhcZVjTZeLau1hdNraCgZvbaYqJJowSkPccHa6G97KDitEAQjnUxAE225FaVWxGsfVUkZtUYpLZUe","3.676888","0","2024-12-19 05:01:40"
"82","6a54db174e3ec43b04b2fd9e7768be5ab4e705fb","","bc1qwlupa37fln6umnsf4ap4agq90g99gk3qydhftu","","0.007722","0","2024-12-19 05:02:16"
"83","d0d3b8434f279305c10fc1e9b33f23a45dbaadc3","","bc1qfps5mlee2nkysn0zvex79dv8ltmvkpmgl3mnpn","","0.007722","0","2024-12-19 05:02:30"
"84","a888b952fe5ff277d84d4ec4ad360435340f5840","","","8AGLCDeQT28fGp2gF1oZPCcg7tYtgcVUYAw6tYaZWwVnchV3JCk3C54gDfr1bkf4VZAbbx1qUeiMa9tN8BxW6HMVNHvFPcH","3.676888","0","2024-12-19 05:03:02"
"85","960c9263c58621fbb7f2b08dea32c49f7b8db5fa","","bc1qys90rrrrhuf743g7gllnhvf0trd96fen8wwq3w","","0.007707","0","2024-12-19 05:09:05"
"86","8983462627281d5c2690233f90b4f11da2b19163","","","89VQy3HruDrEFKMb2JaphJfyZevKrcXUtWQ4SjFWiQ3P3zNyCF7PUbbW7duJRYR9q1NSXqGehzgFh92WKeBeAs2B2cKuVfo","3.651831","0","2024-12-19 05:10:18"
"87","19ddfa32ff3151d985c5ff2a36152f785f180918","","bc1qah44m4j8wtsujsf7wvepvy4m33n8ahg27v3q4c","","0.007697","100","2024-12-19 05:13:07"
"88","af673917e7fe786529dac555ffc2cdc02b374820","","bc1qfw8f8de5ak2l4m9l2gn7lx64s9250fdm6yja38","","0.007677","0","2024-12-19 05:24:19"
"89","4080c3ea7ee79af466e4b994f7bc22e31bb9893f","","bc1qvgshswlrxeed6xtq5v5fazyvae98cecy72sfz5","","0.007677","0","2024-12-19 05:24:45"
"90","2ad726b09c98453fa40cc6d6ca8196eedcf320e9","","","85dtGqMvrwf2z3mwjqjdd2gwed5MZnBdfbTmAwQ8oERMd9isfcknaScePcSiP6HBkF4MFhVuFYrX7EoQUoPpNYAhNaHFZsm","3.657503","0","2024-12-19 05:24:57"
"91","d09247132e7d3da6fa265c89568f15156043da3f","","bc1qrsxs9c7qqyhszgwvvx8zkqc5t7h85lwp0jprdr","","0.007674","50","2024-12-19 05:26:05"
"92","e27f2fe128ac1fc02dea4a4607423bd39f75854d","","bc1q0cvkmfdfqf8vwgnftaj9ky6an7d7zadexkc9xc","","0.007684","0","2024-12-19 05:33:31"
"93","fb7170029e18771913033af3453286a5776faaad","","bc1qj28cpd68jp7y6qze0k3a6x6g0qy24lddcaw8qm","","0.007684","0","2024-12-19 05:35:09"
"94","62881f7474f09053633167a9da5429c5a38bf85d","","bc1q9x8pwllzf6efl0q5fa6ulufw64q5x60hyxlns6","","0.007682","0","2024-12-19 05:36:20"
"95","71feee11abde9cf0946e9ff2a1c1be2076b5ce3d","","","85h6eAB2C451JrbS1MoJeDhjAHXy9BrtSE8dvzChpbyciPptmaBnss9ZryFUW2FxKs8L3L8qukS2qMjJDB9sJrBFTStYD8g","3.663366","0","2024-12-19 05:36:20"
"96","36edd59544918a8ee0bc4f7f0361a61e505f527a","","","82ai3x7X7j4UkuSbZbVzX6ZBqKp72uKY8Zg5LVTevA195N8GGxfiqrxgscAoFPZNEzYkuCWi7Ueax5inwsPYmzcA9BoDFyS","3.663366","0","2024-12-19 05:36:46"
"97","c9ae3231acfca34022f6f0834130d17dc5fc9f18","","bc1qvhc5vhcgv9rlwalnq8xdxucrjkqekk5g5gp26y","","0.007679","100","2024-12-19 05:39:21"
"98","2e526b9694bb7a181872738948784a81c4519ccc","","","85oStqKxoLmS6o4WmotaQp9MiEt6EQSQ5b8hu8Q2WujqEbmv87V1YJ2L8rMvkd8VijesKBgpXU9bii6DwJ3RXZoVE3WzGNs","3.648573","100","2024-12-19 05:51:32"
"99","1ce62f7415ffdcf8f7c4ed552f3788adc1310bb7","","bc1q74zt5xv90sn4ttj54qekarstw3u9kfsrqsnz0t","","0.007671","0","2024-12-19 05:54:05"
"100","ac46ed65f3ae8d05adadb838e789fdc02c23366b","","bc1qkhxv76z5h65ylutm09zppd7vq7m2ztw4juvygc","","0.007670","0","2024-12-19 05:59:27"
