"id","title","description","date"
"1","LockBit 4.0 - released.","&lt;p&gt;LockBit 4.0 - released.&lt;/p&gt;","1734551660"
"2","File share &amp; Private note","&lt;p&gt;File share service:&lt;/p&gt;&lt;p&gt;lockbitfskq2fxclyfrop5yizyxpzu65w7pphsgthawcyb4gd27x62id.onion&lt;br /&gt;lockbitfsvf75glg226he5inkfgtuoakt4vgfhd7nfgghx5kwz5zo3ad.onion&lt;br /&gt;lockbitfss2w7co3ij6am6wox4xcurtgwukunx3yubcoe5cbxiqakxqd.onion&lt;/p&gt;&lt;p&gt;Private note service:&lt;/p&gt;&lt;p&gt;lockbitpn4nmflibn4cooh4sydie6bpoy33tbxa3rjebryxc5vblkwyd.onion&lt;br /&gt;lockbitpn7doehfdzu3r2orcibdx6njq62aavkr4hgh3p6rednr5gfad.onion&lt;br /&gt;lockbitpntsng25yxacx5jqdccvoqd5qtyzzximljfskvtk6ektjhvad.onion&lt;/p&gt;","1734559382"
"4","For FBI and Donald Trump with love","&lt;p&gt;Free decrypt impossible - proof: https://www.watchguard.com/wgrd-security-hub/ransomware-tracker/lockbit-40&lt;/p&gt;","1736458695"
"5","Reverse engineering impossible","&lt;p&gt;Reverse engineering impossible - proof: https://elis531989.medium.com/green-with-evil-analyzing-the-new-lockbit-4-green-7f5783c4414c&lt;/p&gt;","1736971662"
"6","LITE PANEL","&lt;p&gt;Want a lamborghini, a ferrari and lots of titty girls? Sign up and start your pentester billionaire journey in 5 minutes with us.&lt;br /&gt;http://lockbitapyx2kr5b7ma7qn6ziwqgbrij2czhcbojuxmgnwpkgv2yx2yd.onion&lt;br /&gt;http://lockbitapyum2wks2lbcnrovcgxj7ne3ua7hhcmshh3s3ajtpookohqd.onion&lt;br /&gt;http://lockbitapp24bvbi43n3qmtfcasf2veaeagjxatgbwtxnsh5w32mljad.onion&lt;br /&gt;http://lockbitapo3wkqddx2ka7t45hejurybzzjpos4cpeliudgv35kkizrid.onion&lt;br /&gt;http://lockbitapiahy43zttdhslabjvx4q6k24xx7r33qtcvwqehmnnqxy3yd.onion&lt;/p&gt;","1743344681"
