"id","adv_id","client_id","path","request","invalid_param","type","created_at","seen","message","file","line"
"1","2","","/page/alert","[]","","1","2024-12-18 19:56:00","2024-12-18 22:06:09","","/home/www/backend/backend/web/router.php","99"
"2","2","","/page/alert","[]","","1","2024-12-18 20:11:40","2024-12-18 22:06:09","","/home/www/backend/backend/web/router.php","99"
"3","3","","/ajax/get-build","{""post"":{""csrf"":""ee6434b3e0a2939f662c9db0ae322f5aded887e97044fdba10e88210fba5ed22"",""build_id"":[""15""]}}","","1","2024-12-18 21:49:48","2024-12-18 22:06:09","Can't create build. File empty.","/home/www/backend/backend/routes/ajax/get-build.php","181"
"4","1","","/ajax/delete-chat","{""post"":{""csrf"":""0f96ff7a4b2ed24ccacc105303c3e14afc7d5388915075f4c51de62ee076639a"",""user"":""BC9E0ED38EA7B1B8BF7B6804FECAFDD4"",""password"":""[DELETED]"",""delete"":""1""}}","","1","2024-12-18 21:56:20","2024-12-18 22:06:09","Password is incorrect","/home/www/backend/backend/routes/ajax/delete-chat.php","34"
"5","1","","/ajax/get-chartinfo","{""post"":{""user"":""63E640D92EE5300000E3583BB08F3312"",""csrf"":""0f96ff7a4b2ed24ccacc105303c3e14afc7d5388915075f4c51de62ee076639a""}}","","1","2024-12-18 22:08:47","2024-12-18 23:35:42","Wallets list empty","/home/www/backend/backend/routes/ajax/get-chartinfo.php","45"
"6","1","","/ajax/get-chartinfo","{""post"":{""user"":""63E640D92EE5300000E3583BB08F3312"",""csrf"":""0f96ff7a4b2ed24ccacc105303c3e14afc7d5388915075f4c51de62ee076639a""}}","","1","2024-12-18 22:08:51","2024-12-18 23:35:42","Wallets list empty","/home/www/backend/backend/routes/ajax/get-chartinfo.php","45"
"7","1","","/ajax/get-chartinfo","{""post"":{""user"":""63E640D92EE5300000E3583BB08F3312"",""csrf"":""0f96ff7a4b2ed24ccacc105303c3e14afc7d5388915075f4c51de62ee076639a""}}","","1","2024-12-18 22:08:58","2024-12-18 23:35:42","Wallets list empty","/home/www/backend/backend/routes/ajax/get-chartinfo.php","45"
"8","2","","/ajax/get-chartinfo","{""post"":{""user"":""63E640D92EE5300000E3583BB08F3312"",""csrf"":""1c592bb1f52990130fc8b04edc7bb910ae734d936bca3e2d39cb99260e704b4c""}}","","1","2024-12-18 22:10:56","2024-12-18 23:35:42","Wallets list empty","/home/www/backend/backend/routes/ajax/get-chartinfo.php","45"
"9","1","","/ajax/get-chartinfo","{""post"":{""user"":""63E640D92EE5300000E3583BB08F3312"",""csrf"":""0f96ff7a4b2ed24ccacc105303c3e14afc7d5388915075f4c51de62ee076639a""}}","","1","2024-12-18 22:26:56","2024-12-18 23:35:42","Wallets list empty","/home/www/backend/backend/routes/ajax/get-chartinfo.php","45"
"10","1","","/ajax/get-chartinfo","{""post"":{""user"":""63E640D92EE5300000E3583BB08F3312"",""csrf"":""0f96ff7a4b2ed24ccacc105303c3e14afc7d5388915075f4c51de62ee076639a""}}","","1","2024-12-18 22:28:16","2024-12-18 23:35:42","Wallets list empty","/home/www/backend/backend/routes/ajax/get-chartinfo.php","45"
"11","2","","/ajax/get-chartinfo","{""post"":{""user"":""63E640D92EE530009C09D8E215E0E524"",""csrf"":""6ad3ebd0bc062ca58e82bc1b75df258ea4631f64ab9946a6bff2aea0a21250fb""}}","","1","2024-12-18 23:05:55","2024-12-18 23:35:42","Wallets list empty","/home/www/backend/backend/routes/ajax/get-chartinfo.php","45"
"12","1","","/ajax/get-chartinfo","{""post"":{""user"":""63E640D92EE5300000E3583BB08F3312"",""csrf"":""216588ef7126b36cda3ef97bc3f8155e91ce222bcb3e5976d91d5a944539b9f6""}}","","1","2024-12-18 23:06:31","2024-12-18 23:35:42","Wallets list empty","/home/www/backend/backend/routes/ajax/get-chartinfo.php","45"
"13","1","","/ajax/get-chartinfo","{""post"":{""user"":""63E640D92EE5300000E3583BB08F3312"",""csrf"":""216588ef7126b36cda3ef97bc3f8155e91ce222bcb3e5976d91d5a944539b9f6""}}","","1","2024-12-18 23:06:42","2024-12-18 23:35:42","Wallets list empty","/home/www/backend/backend/routes/ajax/get-chartinfo.php","45"
"14","1","","/ajax/get-chartinfo","{""post"":{""user"":""63E640D92EE5300000E3583BB08F3312"",""csrf"":""216588ef7126b36cda3ef97bc3f8155e91ce222bcb3e5976d91d5a944539b9f6""}}","","1","2024-12-18 23:07:01","2024-12-18 23:35:42","Wallets list empty","/home/www/backend/backend/routes/ajax/get-chartinfo.php","45"
"15","2","","/ajax/get-chartinfo","{""post"":{""user"":""63E640D92EE530009C09D8E215E0E524"",""csrf"":""6ad3ebd0bc062ca58e82bc1b75df258ea4631f64ab9946a6bff2aea0a21250fb""}}","","1","2024-12-18 23:11:29","2024-12-18 23:35:42","Wallets list empty","/home/www/backend/backend/routes/ajax/get-chartinfo.php","45"
"16","2","","/ajax/get-chartinfo","{""post"":{""user"":""63E640D92EE530009C09D8E215E0E524"",""csrf"":""6ad3ebd0bc062ca58e82bc1b75df258ea4631f64ab9946a6bff2aea0a21250fb""}}","","1","2024-12-18 23:18:16","2024-12-18 23:35:42","Wallets list empty","/home/www/backend/backend/routes/ajax/get-chartinfo.php","45"
"17","2","","/ajax/get-chartinfo","{""post"":{""user"":""63E640D92EE5300000E3583BB08F3312"",""csrf"":""6ad3ebd0bc062ca58e82bc1b75df258ea4631f64ab9946a6bff2aea0a21250fb""}}","","1","2024-12-18 23:18:21","2024-12-18 23:35:42","Wallets list empty","/home/www/backend/backend/routes/ajax/get-chartinfo.php","45"
"18","1","","/ajax/get-chartinfo","{""post"":{""user"":""63E640D92EE530009C09D8E215E0E524"",""csrf"":""216588ef7126b36cda3ef97bc3f8155e91ce222bcb3e5976d91d5a944539b9f6""}}","","1","2024-12-18 23:18:29","2024-12-18 23:35:42","Wallets list empty","/home/www/backend/backend/routes/ajax/get-chartinfo.php","45"
"19","2","","/ajax/get-chartinfo","{""post"":{""user"":""63E640D92EE530009C09D8E215E0E524"",""csrf"":""6ad3ebd0bc062ca58e82bc1b75df258ea4631f64ab9946a6bff2aea0a21250fb""}}","","1","2024-12-18 23:23:23","2024-12-18 23:35:42","Wallets list empty","/home/www/backend/backend/routes/ajax/get-chartinfo.php","45"
"20","2","","/ajax/get-chartinfo","{""post"":{""user"":""63E640D92EE530009C09D8E215E0E524"",""csrf"":""6ad3ebd0bc062ca58e82bc1b75df258ea4631f64ab9946a6bff2aea0a21250fb""}}","","1","2024-12-18 23:24:42","2024-12-18 23:35:42","Wallets list empty","/home/www/backend/backend/routes/ajax/get-chartinfo.php","45"
"21","","","/","{""post"":{""csrf"":""9f3cd2152c8f2246858b36907fed8a17ab1085c95a966d57d64cbe97fb01ecb2"",""login"":"""",""password"":"""",""captcha_code"":""71f4cc90"",""sign-in"":""true""}}","","1","2024-12-19 03:11:07","2024-12-19 09:02:42","Invalid CSRF","/home/www/backend/functions.php","120"
"22","","","/","{""post"":{""csrf"":""bd62bbba28900ef8ba714c054ebba77c99467e2abb394458704be9456ba6d1f4"",""login"":"""",""password"":"""",""captcha_code"":""1c4d304d"",""sign-in"":""true""}}","","1","2024-12-19 04:50:32","2024-12-19 09:02:42","Invalid CSRF","/home/www/backend/functions.php","120"
"23","","","/reg","{""post"":{""c"":""e171e1b1""}}","","1","2024-12-19 04:56:45","2024-12-19 09:02:42","NON JSON RESPONSE","/home/www/backend/core/Api.php","231"
"24","","","/reg","{""post"":{""c"":""a34a7dbb""}}","","1","2024-12-19 04:57:19","2024-12-19 09:02:42","NON JSON RESPONSE","/home/www/backend/core/Api.php","231"
"25","","","/reg","{""post"":{""c"":""ec2929a9""}}","","1","2024-12-19 04:59:22","2024-12-19 09:02:42","NON JSON RESPONSE","/home/www/backend/core/Api.php","231"
"26","","","/reg","{""post"":{""c"":""ec2929a9""}}","","1","2024-12-19 04:59:27","2024-12-19 09:02:42","NON JSON RESPONSE","/home/www/backend/core/Api.php","231"
"27","","","/reg","{""post"":{""c"":""e2146cac""}}","","1","2024-12-19 05:25:35","2024-12-19 09:02:42","NON JSON RESPONSE","/home/www/backend/core/Api.php","231"
"28","","","/reg","{""post"":{""c"":""eeb75916""}}","","1","2024-12-19 05:58:35","2024-12-19 09:02:42","NON JSON RESPONSE","/home/www/backend/core/Api.php","231"
"29","","","/reg","{""post"":{""c"":""4ae19f6e""}}","","1","2024-12-19 07:53:00","2024-12-19 09:02:42","NON JSON RESPONSE","/home/www/backend/core/Api.php","231"
"30","","","/reg","{""post"":{""c"":""4ae19f6e""}}","","1","2024-12-19 07:53:38","2024-12-19 09:02:42","NON JSON RESPONSE","/home/www/backend/core/Api.php","231"
"31","","","/reg","{""post"":{""c"":""ee646cf8""}}","","1","2024-12-19 07:53:59","2024-12-19 09:02:42","NON JSON RESPONSE","/home/www/backend/core/Api.php","231"
"32","","","/reg","{""post"":{""c"":""b12afe66""}}","","1","2024-12-19 07:54:41","2024-12-19 09:02:42","NON JSON RESPONSE","/home/www/backend/core/Api.php","231"
"33","","","/reg","{""post"":{""c"":""1e57add6""}}","","1","2024-12-19 07:55:07","2024-12-19 09:02:42","NON JSON RESPONSE","/home/www/backend/core/Api.php","231"
"34","","","/reg","{""post"":{""c"":""b12afe66""}}","","1","2024-12-19 07:55:49","2024-12-19 09:02:42","NON JSON RESPONSE","/home/www/backend/core/Api.php","231"
"35","","","/reg","{""post"":{""c"":""1e57add6""}}","","1","2024-12-19 07:55:50","2024-12-19 09:02:42","NON JSON RESPONSE","/home/www/backend/core/Api.php","231"
"36","","","/reg","{""post"":{""c"":""41c7440a""}}","","1","2024-12-19 07:56:12","2024-12-19 09:02:42","NON JSON RESPONSE","/home/www/backend/core/Api.php","231"
"37","","","/reg","{""post"":{""c"":""b5a51a91""}}","","1","2024-12-19 08:58:18","2024-12-19 09:02:42","NON JSON RESPONSE","/home/www/backend/core/Api.php","231"
"38","1","","/ajax/delete-chat","{""post"":{""csrf"":""d4017fb74228c4ff0a103c04f701afcf4179279363bc23f1aba4731a98516e16"",""user"":""1B65C3DA5515914926B31FE861DE45D3"",""password"":""[DELETED]"",""delete"":""1""}}","","1","2024-12-19 09:00:56","2024-12-19 09:02:42","Password is incorrect","/home/www/backend/backend/routes/ajax/delete-chat.php","34"
"39","","","/reg","{""post"":{""c"":""7064c68d""}}","","1","2024-12-19 09:21:41","2024-12-20 14:24:40","NON JSON RESPONSE","/home/www/backend/core/Api.php","231"
"40","","","/reg","{""post"":{""c"":""25bb2b78""}}","","1","2024-12-19 09:27:12","2024-12-20 14:24:40","NON JSON RESPONSE","/home/www/backend/core/Api.php","231"
"41","","","/reg","{""post"":{""c"":""1415bba1""}}","","1","2024-12-19 10:16:37","2024-12-20 14:24:40","NON JSON RESPONSE","/home/www/backend/core/Api.php","231"
"42","","","/","{""post"":{""csrf"":""491a688eefe70bf207338cfc3f3c1372e7fdcfa41d7fed95d14ce756d4440579"",""login"":""1312"",""password"":""[DELETED]"",""captcha_code"":""7b83a46d"",""sign-in"":""true""}}","","1","2024-12-19 10:20:44","2024-12-20 14:24:40","Invalid CSRF","/home/www/backend/functions.php","120"
"43","","","/reg","{""post"":{""c"":""7CC515A8""}}","","1","2024-12-19 10:36:45","2024-12-20 14:24:40","NON JSON RESPONSE","/home/www/backend/core/Api.php","231"
"44","","","/reg?code=d35306ea7197a10467436fbc4af0bf1cb3d9180f","{""post"":{""csrf"":""4597d64614ffd773e9affeadc148d892a93d6c29450c18e18b4cefe83ea5dc28"",""login"":""Anon666"",""password"":""[DELETED]"",""qtox"":""2DE7695448BBDFFE795BEB7C76A3078BF3CF3A4FB793EF577A2472EE229DB174420137694FF6""},""get"":{""code"":""d35306ea7197a10467436fbc4af0bf1cb3d9180f""}}","","1","2024-12-19 10:41:29","2024-12-20 14:24:40","Password isn't secure enough. It must have at least 1
            uppercase character, 1 lowercase character, 1 number and be 10 or more symbols long, 40 symbols max.","/home/www/backend/core/models/User.php","162"
"45","16","","/d?id=1","{""get"":{""id"":""1""}}","","1","2024-12-19 11:05:01","2024-12-20 14:24:40","File not found!","/home/www/backend/functions.php","380"
"46","16","","/d?id=19","{""get"":{""id"":""19""}}","","1","2024-12-19 11:06:42","2024-12-20 14:24:40","File not found!","/home/www/backend/functions.php","380"
"47","","","/reg","{""post"":{""c"":""4108c271""}}","","1","2024-12-19 12:35:19","2024-12-20 14:24:40","NON JSON RESPONSE","/home/www/backend/core/Api.php","231"
"48","","","/reg","{""post"":{""c"":""65dbe818""}}","","1","2024-12-19 13:42:27","2024-12-20 14:24:40","NON JSON RESPONSE","/home/www/backend/core/Api.php","231"
"49","","","/reg","{""post"":{""c"":""5628b065""}}","","1","2024-12-19 13:48:31","2024-12-20 14:24:40","NON JSON RESPONSE","/home/www/backend/core/Api.php","231"
"50","","","/reg","{""post"":{""c"":""7560cdb3""}}","","1","2024-12-19 13:50:25","2024-12-20 14:24:40","NON JSON RESPONSE","/home/www/backend/core/Api.php","231"
"51","","","/reg","[]","","1","2024-12-19 13:51:55","2024-12-20 14:24:40","NON JSON RESPONSE","/home/www/backend/core/Api.php","231"
"52","","","/reg","{""post"":{""c"":""0ddeaf68""}}","","1","2024-12-19 14:07:09","2024-12-20 14:24:40","NON JSON RESPONSE","/home/www/backend/core/Api.php","231"
"53","","","/reg","{""post"":{""c"":""0ddeaf68""}}","","1","2024-12-19 14:07:16","2024-12-20 14:24:40","NON JSON RESPONSE","/home/www/backend/core/Api.php","231"
"54","","","/reg","{""post"":{""c"":""c51d5b9f""}}","","1","2024-12-19 15:58:17","2024-12-20 14:24:40","NON JSON RESPONSE","/home/www/backend/core/Api.php","231"
"55","","","/reg?code=884c6627369d86e6e5796bffddfd3f28e6d913e7","{""post"":{""csrf"":""7e01e8315386e72f11ef7729d464c306471ddf3c47d245bca0e12078983591f7"",""login"":""RafaelCousins"",""password"":""[DELETED]"",""qtox"":""34D6BCF2667831B5B643EC1AB2DE0B435F764F912AA88E785FFBBC6EADB4F812B9C76B70EC9E""},""get"":{""code"":""884c6627369d86e6e5796bffddfd3f28e6d913e7""}}","","1","2024-12-19 17:22:43","2024-12-20 14:24:40","Password isn't secure enough. It must have at least 1
            uppercase character, 1 lowercase character, 1 number and be 10 or more symbols long, 40 symbols max.","/home/www/backend/core/models/User.php","162"
"56","","","/reg?code=884c6627369d86e6e5796bffddfd3f28e6d913e7","{""post"":{""csrf"":""7e01e8315386e72f11ef7729d464c306471ddf3c47d245bca0e12078983591f7"",""login"":""RafaelCousins"",""password"":""[DELETED]"",""qtox"":""34D6BCF2667831B5B643EC1AB2DE0B435F764F912AA88E785FFBBC6EADB4F812B9C76B70EC9E""},""get"":{""code"":""884c6627369d86e6e5796bffddfd3f28e6d913e7""}}","","1","2024-12-19 17:23:35","2024-12-20 14:24:40","Password isn't secure enough. It must have at least 1
            uppercase character, 1 lowercase character, 1 number and be 10 or more symbols long, 40 symbols max.","/home/www/backend/core/models/User.php","162"
"57","","","/reg","{""post"":{""c"":""b4a5d2fb""}}","","1","2024-12-19 17:30:28","2024-12-20 14:24:40","NON JSON RESPONSE","/home/www/backend/core/Api.php","231"
"58","","","/reg","{""post"":{""c"":""4d8d2eb8""}}","","1","2024-12-19 17:31:18","2024-12-20 14:24:40","NON JSON RESPONSE","/home/www/backend/core/Api.php","231"
"59","","","/reg","{""post"":{""c"":""4d8d2eb8""}}","","1","2024-12-19 17:31:25","2024-12-20 14:24:40","NON JSON RESPONSE","/home/www/backend/core/Api.php","231"
"60","","","/reg?code=884c6627369d86e6e5796bffddfd3f28e6d913e7","{""post"":{""csrf"":""7e01e8315386e72f11ef7729d464c306471ddf3c47d245bca0e12078983591f7"",""login"":""RafaelCousins"",""password"":""[DELETED]"",""qtox"":""34D6BCF2667831B5B643EC1AB2DE0B435F764F912AA88E785FFBBC6EADB4F812B9C76B70EC9E""},""get"":{""code"":""884c6627369d86e6e5796bffddfd3f28e6d913e7""}}","","1","2024-12-19 17:31:36","2024-12-20 14:24:40","Password isn't secure enough. It must have at least 1
            uppercase character, 1 lowercase character, 1 number and be 10 or more symbols long, 40 symbols max.","/home/www/backend/core/models/User.php","162"
"61","","","/reg?code=884c6627369d86e6e5796bffddfd3f28e6d913e7","{""post"":{""csrf"":""7e01e8315386e72f11ef7729d464c306471ddf3c47d245bca0e12078983591f7"",""login"":""RafaelCousins"",""password"":""[DELETED]"",""qtox"":""34D6BCF2667831B5B643EC1AB2DE0B435F764F912AA88E785FFBBC6EADB4F812B9C76B70EC9E""},""get"":{""code"":""884c6627369d86e6e5796bffddfd3f28e6d913e7""}}","","1","2024-12-19 17:32:05","2024-12-20 14:24:40","Password isn't secure enough. It must have at least 1
            uppercase character, 1 lowercase character, 1 number and be 10 or more symbols long, 40 symbols max.","/home/www/backend/core/models/User.php","162"
"62","","","/reg?code=884c6627369d86e6e5796bffddfd3f28e6d913e7","{""post"":{""csrf"":""7e01e8315386e72f11ef7729d464c306471ddf3c47d245bca0e12078983591f7"",""login"":""RafaelCousins"",""password"":""[DELETED]"",""qtox"":""34D6BCF2667831B5B643EC1AB2DE0B435F764F912AA88E785FFBBC6EADB4F812B9C76B70EC9E""},""get"":{""code"":""884c6627369d86e6e5796bffddfd3f28e6d913e7""}}","","1","2024-12-19 18:10:27","2024-12-20 14:24:40","Password isn't secure enough. It must have at least 1
            uppercase character, 1 lowercase character, 1 number and be 10 or more symbols long, 40 symbols max.","/home/www/backend/core/models/User.php","162"
"63","","","/reg?code=884c6627369d86e6e5796bffddfd3f28e6d913e7","{""post"":{""csrf"":""7e01e8315386e72f11ef7729d464c306471ddf3c47d245bca0e12078983591f7"",""login"":""RafaelCousins"",""password"":""[DELETED]"",""qtox"":""34D6BCF2667831B5B643EC1AB2DE0B435F764F912AA88E785FFBBC6EADB4F812B9C76B70EC9E""},""get"":{""code"":""884c6627369d86e6e5796bffddfd3f28e6d913e7""}}","","1","2024-12-19 18:11:19","2024-12-20 14:24:40","Password isn't secure enough. It must have at least 1
            uppercase character, 1 lowercase character, 1 number and be 10 or more symbols long, 40 symbols max.","/home/www/backend/core/models/User.php","162"
"64","18","","/ajax/builder","{""post"":{""type"":""30"",""comment"":""loan company"",""company_website"":""knabfinance.com"",""revenue"":""7kk"",""white_folders"":""$recycle.bin;config.msi;$windows.~bt;$windows.~ws;windows;appdata;application data;boot;google;mozilla;program files;program files (x86);programdata;system volume information;tor browser;windows.old;intel;msocache;perflogs;x64dbg;public;all users;default"",""white_files"":""autorun.inf;boot.ini;bootfont.bin;bootsect.bak;desktop.ini;iconcache.db;ntldr;ntuser.dat;ntuser.dat.log;ntuser.ini;thumbs.db"",""white_extens"":""386;adv;ani;bat;bin;cab;cmd;com;cpl;cur;deskthemepack;diagcab;diagcfg;diagpkg;dll;drv;exe;hlp;icl;icns;ico;ics;idx;ldf;lnk;mod;mpa;msc;msp;msstyles;msu;nls;nomedia;ocx;prf;ps1;rom;rtp;scr;shs;spl;sys;theme;themepack;wpx;lock;key;hta;msi;pdb"",""white_hosts"":"""",""kill_processes_list"":""sql;oracle;ocssd;dbsnmp;synctime;agntsvc;isqlplussvc;xfssvccon;mydesktopservice;ocautoupds;encsvc;firefox;tbirdconfig;mydesktopqos;ocomm;dbeng50;sqbcoreservice;excel;infopath;msaccess;mspub;onenote;outlook;powerpnt;steam;thebat;thunderbird;visio;winword;wordpad;notepad"",""kill_services_list"":""vss;sql;svc$;memtas;mepocs;msexchange;sophos;veeam;backup;GxVss;GxBlr;GxFWD;GxCVD;GxCIMgr"",""impers_accounts"":"""",""delete_gpo_delay"":""60"",""spread_enabled"":""1"",""gpo_ps_update"":""0"",""delete_eventlogs"":""1"",""impersonation"":""0"",""kill_services"":""1"",""language_check"":""1"",""local_disks"":""1"",""network_shares"":""1"",""kill_processes"":""1"",""running_one"":""1"",""print_note"":""1"",""set_wallpaper"":""1"",""set_icons"":""1"",""shutdown_system"":""0"",""self_destruct"":""1"",""kill_defender"":""1"",""wipe_free_space"":""1"",""skip_hidden_folders"":""0"",""builder"":""true"",""csrf"":""7e1a16c213caf18268585248e32dfa6ef31b89e77d6ee4ce03138e50da3e1f44""}}","","1","2024-12-19 18:19:51","2024-12-20 14:24:40","Please wait 1 seconds...","/home/www/backend/backend/routes/ajax/builder.php","64"
"65","","","/api","[]","","1","2024-12-19 19:03:25","2024-12-20 14:24:40","","/home/www/backend/backend/web/router.php","99"
"66","","","/reg?code=dcaafb7c3e8a57a3fc72129e3b1c213e16520457","{""get"":{""code"":""dcaafb7c3e8a57a3fc72129e3b1c213e16520457""}}","","1","2024-12-19 21:16:46","2024-12-20 14:24:40","Invite code not found","/home/www/backend/backend/routes/reg.php","24"
"67","","","/reg?code=dcaafb7c3e8a57a3fc72129e3b1c213e16520455","{""get"":{""code"":""dcaafb7c3e8a57a3fc72129e3b1c213e16520455""}}","","1","2024-12-19 21:16:57","2024-12-20 14:24:40","Invite code not found","/home/www/backend/backend/routes/reg.php","24"
"68","","","/reg?code=cf3955070f67785ce7f405a2450076234d1c40b4%27OR","{""get"":{""code"":""cf3955070f67785ce7f405a2450076234d1c40b4'OR""}}","","1","2024-12-19 21:20:42","2024-12-20 14:24:40","Invite code not found","/home/www/backend/backend/routes/reg.php","24"
"69","","","/reg?code=cf3955070f67785ce7f405a2450076234d1c40b4%20--","{""get"":{""code"":""cf3955070f67785ce7f405a2450076234d1c40b4 --""}}","","1","2024-12-19 21:20:49","2024-12-20 14:24:40","Invite code not found","/home/www/backend/backend/routes/reg.php","24"
"70","","","/reg?code=cf3955070f67785ce7f405a2450076234d1c40","{""get"":{""code"":""cf3955070f67785ce7f405a2450076234d1c40""}}","","1","2024-12-19 21:20:53","2024-12-20 14:24:40","Invite code not found","/home/www/backend/backend/routes/reg.php","24"
"71","","","/reg?code=M%3C%3E","{""get"":{""code"":""M<>""}}","","1","2024-12-19 21:20:59","2024-12-20 14:24:40","Invite code not found","/home/www/backend/backend/routes/reg.php","24"
"72","","","/reg?code=5150CB33290ED8C969863FA6BED7B04C","{""get"":{""code"":""5150CB33290ED8C969863FA6BED7B04C""}}","","1","2024-12-19 22:01:18","2024-12-20 14:24:40","Invite code not found","/home/www/backend/backend/routes/reg.php","24"
"73","","","/reg","{""post"":{""c"":""6254cd22""}}","","1","2024-12-20 07:34:36","2024-12-20 14:24:40","NON JSON RESPONSE","/home/www/backend/core/Api.php","231"
"74","","","/reg","{""post"":{""c"":""7666fa24""}}","","1","2024-12-20 07:35:40","2024-12-20 14:24:40","NON JSON RESPONSE","/home/www/backend/core/Api.php","231"
"75","","","/reg","{""post"":{""c"":""2945ade1""}}","","1","2024-12-20 07:36:20","2024-12-20 14:24:40","NON JSON RESPONSE","/home/www/backend/core/Api.php","231"
"76","","","/reg","[]","","1","2024-12-20 07:46:38","2024-12-20 14:24:40","NON JSON RESPONSE","/home/www/backend/core/Api.php","231"
"77","","","/reg","{""post"":{""c"":""55b79002""}}","","1","2024-12-20 07:46:57","2024-12-20 14:24:40","NON JSON RESPONSE","/home/www/backend/core/Api.php","231"
"78","","","/reg","{""post"":{""c"":""5a40b0ec""}}","","1","2024-12-20 07:47:42","2024-12-20 14:24:40","NON JSON RESPONSE","/home/www/backend/core/Api.php","231"
"79","","","/reg","[]","","1","2024-12-20 07:48:19","2024-12-20 14:24:40","NON JSON RESPONSE","/home/www/backend/core/Api.php","231"
"80","","","/reg","{""post"":{""c"":""2890a62d""}}","","1","2024-12-20 07:49:06","2024-12-20 14:24:40","NON JSON RESPONSE","/home/www/backend/core/Api.php","231"
"81","","","/reg","{""post"":{""c"":""ae69656e""}}","","1","2024-12-20 08:43:03","2024-12-20 14:24:40","NON JSON RESPONSE","/home/www/backend/core/Api.php","231"
"82","","","/reg","{""post"":{""c"":""9ad7cd04""}}","","1","2024-12-20 08:59:14","2024-12-20 14:24:40","NON JSON RESPONSE","/home/www/backend/core/Api.php","231"
"83","","","/reg","{""post"":{""c"":""dd426974""}}","","1","2024-12-20 09:03:03","2024-12-20 14:24:40","NON JSON RESPONSE","/home/www/backend/core/Api.php","231"
"84","","","/reg","{""post"":{""c"":""0980737f""}}","","1","2024-12-20 09:04:00","2024-12-20 14:24:40","NON JSON RESPONSE","/home/www/backend/core/Api.php","231"
"85","","","/reg","{""post"":{""c"":""70ac5a54""}}","","1","2024-12-20 09:32:00","2024-12-20 14:24:40","NON JSON RESPONSE","/home/www/backend/core/Api.php","231"
"86","","","/reg","{""post"":{""c"":""3830843d""}}","","1","2024-12-20 09:33:19","2024-12-20 14:24:40","NON JSON RESPONSE","/home/www/backend/core/Api.php","231"
"87","","","/reg","{""post"":{""c"":""14c326bf""}}","","1","2024-12-20 09:37:27","2024-12-20 14:24:40","NON JSON RESPONSE","/home/www/backend/core/Api.php","231"
"88","","","/reg","{""post"":{""c"":""2edf1ff5""}}","","1","2024-12-20 09:49:11","2024-12-20 14:24:40","NON JSON RESPONSE","/home/www/backend/core/Api.php","231"
"89","","","/reg","{""post"":{""c"":""46b6cb08""}}","","1","2024-12-20 09:50:50","2024-12-20 14:24:40","NON JSON RESPONSE","/home/www/backend/core/Api.php","231"
"90","","","/reg","{""post"":{""c"":""45b8e486""}}","","1","2024-12-20 09:59:29","2024-12-20 14:24:40","NON JSON RESPONSE","/home/www/backend/core/Api.php","231"
"91","","","/reg","{""post"":{""c"":""ab3ce89b""}}","","1","2024-12-20 10:02:38","2024-12-20 14:24:40","NON JSON RESPONSE","/home/www/backend/core/Api.php","231"
"92","","","/reg","{""post"":{""c"":""ab3ce89b""}}","","1","2024-12-20 10:03:21","2024-12-20 14:24:40","NON JSON RESPONSE","/home/www/backend/core/Api.php","231"
"93","","","/reg","{""post"":{""c"":""ab3ce89b""}}","","1","2024-12-20 10:07:22","2024-12-20 14:24:40","NON JSON RESPONSE","/home/www/backend/core/Api.php","231"
"94","","","/reg","{""post"":{""c"":""8a58582d""}}","","1","2024-12-20 10:12:57","2024-12-20 14:24:40","NON JSON RESPONSE","/home/www/backend/core/Api.php","231"
"95","","","/reg","{""post"":{""c"":""c040ad9d""}}","","1","2024-12-20 10:14:35","2024-12-20 14:24:40","NON JSON RESPONSE","/home/www/backend/core/Api.php","231"
"96","","","/reg","[]","","1","2024-12-20 10:27:43","2024-12-20 14:24:40","NON JSON RESPONSE","/home/www/backend/core/Api.php","231"
"97","","","/reg?XMR","{""post"":{""c"":""d75ea57c""},""get"":{""XMR"":""""}}","","1","2024-12-20 10:28:25","2024-12-20 14:24:40","NON JSON RESPONSE","/home/www/backend/core/Api.php","231"
"98","","","/reg","{""post"":{""c"":""72c2a5c7""}}","","1","2024-12-20 10:28:58","2024-12-20 14:24:40","NON JSON RESPONSE","/home/www/backend/core/Api.php","231"
"99","","","/reg?XMR","{""post"":{""c"":""d75ea57c""},""get"":{""XMR"":""""}}","","1","2024-12-20 10:29:35","2024-12-20 14:24:40","NON JSON RESPONSE","/home/www/backend/core/Api.php","231"
"100","","","/reg?XMR","{""post"":{""c"":""d75ea57c""},""get"":{""XMR"":""""}}","","1","2024-12-20 10:30:10","2024-12-20 14:24:40","NON JSON RESPONSE","/home/www/backend/core/Api.php","231"
