"id","parentid","login","password","is_admin","level","session_id","linesxi_on","reg_date","last_online","paused","builders_settings","notifications","notify_trial","negotiations","show_extra_info","keep_messages_unread","toxid","toxdata","ips","permissions","paranoid_mode","created_at","updated_at","tag","invite_id"
"1","0","admin","gyCuCzeMxHpT7a5fSYRDY5DxzefrdD5g5ktiibyE","1","4","t2km45gl7n6njiapm846jsr0af23ps2l7nf618v0","1","1605453973","1745930762","0","{""10"":true,""20"":true,""25"":true,""30"":true,""40"":true,""47"":true,""45"":true}","0","0","1","1","0","A1A6D2ECC8DB18DA0D5F04C5ED01A565B5A46E4012FAE627ACCB5D709BB89477D26BE7EF852C","","","[""chats"",""write_chat"",""news"",""faq"",""lb_green"",""lb_black"",""builder_chat_generate"",""linesxi"",""builder_language_check"",""lbb_without_password""]","1","31/01/2022 22:20","29/04/2025 12:46","","0"
"2","0","matrix777","81jlXQFHOdGiY8C3peSZxFUxtUKjbIhh1936k6xo","0","1","1jjhf6np9a0mk680n1gik5k99shbgjml0nfbs6et","1","1605453973","1745926182","0","{""10"":true,""20"":true,""47"":true,""45"":true,""50"":true}","7","0","1","1","0","A1A6D2ECC8DB18DA0D5F04C5ED01A565B5A46E4012FAE627ACCB5D709BB89477D26BE7EF852C","","","[""chats"",""write_chat"",""news"",""faq"",""lb_green"",""lb_black"",""builder_chat_generate"",""linesxi"",""builder_language_check"",""lbb_without_password""]","1","31/01/2022 22:20","29/04/2025 11:29","","0"
"3","0","fedor","rYYBqlru7Wdp3VOAW9PJ","0","1","tuae602lmf5r4jqkm04glksfcu0o320i7iuuc8n8","0","1734552249","1734567002","1","{""10"":true,""20"":true,""25"":true,""30"":true,""40"":true,""46"":true,""47"":true,""45"":true,""50"":true}","0","0","0","1","0","EMPTY","","","[""chats"",""write_chat"",""news"",""faq"",""lb_green"",""lb_black"",""builder_chat_generate"",""linesxi"",""builder_language_check"",""lbb_without_password""]","0","18/12/2024 20:04","29/04/2025 11:44","newbie","1"
"4","0","KeaynBaker","R89HJ8RsFGwptAuku7Gg","0","1","e90e4b7tdc9gbdtbso3fqogtq2codbipt8s468kl","0","1734552576","1734571225","1","{""10"":true,""20"":true,""25"":true,""30"":true,""40"":true,""46"":true,""47"":true,""45"":true,""50"":true}","0","0","0","1","0","EMPTY","","","[""chats"",""write_chat"",""news"",""faq"",""lb_green"",""lb_black"",""builder_chat_generate"",""linesxi"",""builder_language_check"",""lbb_without_password""]","0","18/12/2024 20:09","29/04/2025 11:44","newbie","2"
"5","0","five","hP2txLy6Tb4CD6NZatMTZFe","0","1","l3vj3k82g4qlpmr35kr8pfv5k7fafj3ahko5j2si","0","1734552584","1734706625","1","{""10"":true,""20"":true,""25"":true,""30"":true,""40"":true,""46"":true,""47"":true,""45"":true,""50"":true}","0","0","0","1","0","EMPTY","","","[""chats"",""write_chat"",""news"",""faq"",""lb_green"",""lb_black"",""builder_chat_generate"",""linesxi"",""builder_language_check"",""lbb_without_password""]","0","18/12/2024 20:09","29/04/2025 11:44","newbie","3"
"6","0","OranBarnes","K2iJb1V5OfuFT1usi5Ld","0","1","8bfetshu7psoeciu7spe20ocqq2oqoqmpj1qd3hh","0","1734561351","1738331047","1","{""10"":true,""20"":true,""25"":true,""30"":true,""40"":true,""46"":true,""47"":true,""45"":true,""50"":true}","0","0","0","1","0","EMPTY","","","[""chats"",""write_chat"",""news"",""faq"",""lb_green"",""lb_black"",""builder_chat_generate"",""linesxi"",""builder_language_check"",""lbb_without_password""]","0","18/12/2024 22:35","29/04/2025 11:44","newbie","5"
"7","0","BroganAlbert","legUpL94bHHJFb6IUjOL","0","1","ihp2d8rffl6op7aq3c41ll4mqusb3t0blu4lm0mv","0","1734568394","1734568402","1","{""10"":true,""20"":true,""25"":true,""30"":true,""40"":true,""46"":true,""47"":true,""45"":true,""50"":true}","0","0","0","1","0","EMPTY","","","[""chats"",""write_chat"",""news"",""faq"",""lb_green"",""lb_black"",""builder_chat_generate"",""linesxi"",""builder_language_check"",""lbb_without_password""]","0","19/12/2024 00:33","29/04/2025 11:44","newbie","9"
"8","0","FezaanBlanchard","cizbyVBxly2FcmHQsG3L","0","1","ph41jo1spgs89scog28m9otcesl2uf8h8cq38rul","0","1734568466","1734568479","1","{""10"":true,""20"":true,""25"":true,""30"":true,""40"":true,""46"":true,""47"":true,""45"":true,""50"":true}","0","0","0","1","0","EMPTY","","","[""chats"",""write_chat"",""news"",""faq"",""lb_green"",""lb_black"",""builder_chat_generate"",""linesxi"",""builder_language_check"",""lbb_without_password""]","0","19/12/2024 00:34","29/04/2025 11:44","newbie","8"
"9","0","ArdalBlankenship","mqakqtCdFOZeSvtDInK5","0","1","q0ges4acmgcci1516okjf635k09h92c0jn4iqa4h","0","1734568857","1739564714","1","{""10"":true,""20"":true,""25"":true,""30"":true,""40"":true,""46"":true,""47"":true,""45"":true,""50"":true}","0","0","0","1","0","EMPTY","","","[""chats"",""write_chat"",""news"",""faq"",""lb_green"",""lb_black"",""builder_chat_generate"",""linesxi"",""builder_language_check"",""lbb_without_password""]","0","19/12/2024 00:40","29/04/2025 11:44","newbie","11"
"10","0","Brown","tZo4vDv3VZpFqThz2kd2PC39XMs5j3Xg","0","1","bqil1elu4miqb6gf9530b0ocldr0l7kcqfb95533","0","1734569032","1743687639","0","{""10"":true,""20"":true,""25"":true,""40"":true,""46"":true,""47"":true,""45"":true,""50"":true}","0","0","0","1","0","EMPTY","","","[""chats"",""write_chat"",""news"",""faq"",""lb_green"",""lb_black"",""builder_chat_generate"",""linesxi"",""builder_language_check"",""lbb_without_password""]","0","19/12/2024 00:43","03/04/2025 13:40","verified","12"
"11","0","200kk","Nu7VIeUnEatau00qdl1tBGxnAK6A7VGV1ABR93Tp","0","1","47ap29r0t9k7n5eat82g0tsann1hdrul5dt5uimi","0","1734569066","1734570778","1","{""10"":true,""20"":true,""25"":true,""30"":true,""40"":true,""46"":true,""47"":true,""45"":true,""50"":true}","0","0","0","1","0","EMPTY","","","[""chats"",""write_chat"",""news"",""faq"",""lb_green"",""lb_black"",""builder_chat_generate"",""linesxi"",""builder_language_check"",""lbb_without_password""]","0","19/12/2024 00:44","29/04/2025 11:44","newbie","15"
"12","0","PiotrBond","w5Itwxj5TIcpBedWbh4Z","0","1","7tl8uuk8qlkm6bm51h7195f4ro80barbm1p49nkb","0","1734597201","1745924976","0","{""10"":true,""20"":true,""40"":true,""47"":true,""45"":true,""50"":true}","0","0","0","1","0","EMPTY","","","[""chats"",""write_chat"",""news"",""faq"",""lb_green"",""lb_black"",""builder_chat_generate"",""linesxi"",""builder_language_check"",""lbb_without_password""]","0","19/12/2024 08:33","29/04/2025 11:09","newbie","91"
"13","0","ArrynBaird","mxOpctujTJuCemKH8Loq","0","1","34dugf8rnk02p33dhse93ths3frjdkt6oihif9lu","0","1734597723","1745912120","0","{""10"":true,""20"":true,""25"":true,""40"":true,""46"":true,""47"":true,""45"":true,""50"":true}","0","0","0","1","0","EMPTY","","","[""chats"",""write_chat"",""news"",""faq"",""lb_green"",""lb_black"",""builder_chat_generate"",""linesxi"",""builder_language_check"",""lbb_without_password""]","0","19/12/2024 08:42","29/04/2025 07:35","newbie","126"
"14","0","kissme","DSAj1278RFHRf1fSADE3566","0","1","ua84htun4426on55if48p6d449u3873t3oafjapa","0","1734600287","1739426967","1","{""10"":true,""20"":true,""25"":true,""30"":true,""40"":true,""46"":true,""47"":true,""45"":true,""50"":true}","0","0","0","1","0","A51AB3331F4B2363C5BF6598582417B7F1AEC3C6F0757E0A0D5B265727DB1F0E6DFF2BA62C22","","","[""chats"",""write_chat"",""news"",""faq"",""lb_green"",""lb_black"",""builder_chat_generate"",""linesxi"",""builder_language_check"",""lbb_without_password""]","0","19/12/2024 09:24","29/04/2025 11:44","newbie","137"
"15","0","Anon666","5wGduwYXGqLYNEJlNCfx","0","1","4vvgdfucdbo3fto6pn9dm94vebva0a0v8pg88gj6","0","1734605171","1743198691","0","{""10"":true,""20"":true,""25"":true,""30"":true,""40"":true,""46"":true,""47"":true,""45"":true,""50"":true}","0","0","0","1","0","2DE7695448BBDFFE795BEB7C76A3078BF3CF3A4FB793EF577A2472EE229DB174420137694FF6","","","[""chats"",""write_chat"",""news"",""faq"",""lb_green"",""lb_black"",""builder_chat_generate"",""linesxi"",""builder_language_check"",""lbb_without_password""]","0","19/12/2024 10:46","28/03/2025 21:51","newbie","176"
"16","0","kkoman","aoiwhya233Sgsgd","0","1","g097aomj7m6lg3jppbhrkkj7jpqooa26j7nblvk7","0","1734605208","1736860678","1","{""10"":true,""20"":true,""25"":true,""30"":true,""40"":true,""46"":true,""47"":true,""45"":true,""50"":true}","0","0","0","1","0","EMPTY","","","[""chats"",""write_chat"",""news"",""faq"",""lb_green"",""lb_black"",""builder_chat_generate"",""linesxi"",""builder_language_check"",""lbb_without_password""]","0","19/12/2024 10:46","29/04/2025 11:44","pentester?","151"
"17","0","GlenOrtega","Wer4YT8G9Qn7JXmcXsvftN9ZjxJqhoyBaypd","0","1","ns025e79i81fuvp05buspkhk7o1v2pn1d2uja1s9","0","1734607493","1742975906","0","{""10"":true,""20"":true,""25"":true,""30"":true,""40"":true,""46"":true,""47"":true,""45"":true,""50"":true}","0","0","0","1","0","EMPTY","","","[""chats"",""write_chat"",""news"",""faq"",""lb_green"",""lb_black"",""builder_chat_generate"",""linesxi"",""builder_language_check"",""lbb_without_password""]","0","19/12/2024 11:24","27/03/2025 13:56","newbie","190"
"18","0","jhon0722","KAKwGZja59hGXjKRlCVV","0","1","j9n53mc623n1aibm7543dcqe23bvfjl63k8dgo3n","0","1734607585","1745212558","0","{""10"":true,""20"":true,""25"":true,""30"":true,""46"":true,""47"":true,""45"":true,""50"":true}","0","0","0","1","0","EMPTY","","","[""chats"",""write_chat"",""news"",""faq"",""lb_green"",""lb_black"",""builder_chat_generate"",""linesxi"",""builder_language_check"",""lbb_without_password""]","0","19/12/2024 11:26","21/04/2025 05:15","newbie","183"
"19","0","meandmeeverme","34jsfdlog0SFDHlsfjgvj9djhfl","0","1","4cnh3vps553nq9g7h1msbvt293q5creq88qtfdo9","0","1734625317","1740752260","1","{""10"":true,""20"":true,""25"":true,""30"":true,""40"":true,""46"":true,""47"":true,""45"":true,""50"":true}","0","0","0","1","0","5E52C57898476BDD1786D1BFA9B65092757207020FD125639C7A7D4637DD051DD69C37A03DAF","","","[""chats"",""write_chat"",""news"",""faq"",""lb_green"",""lb_black"",""builder_chat_generate"",""linesxi"",""builder_language_check"",""lbb_without_password""]","0","19/12/2024 16:21","29/04/2025 11:44","newbie","248"
"20","0","RafaelCousins","14q5POtst3WX0ghfJ0AX","0","1","dr4qtl95re3hf5a4gr7grkjpunluitu3knguo3d5","0","1734631902","1734651366","1","{""10"":true,""20"":true,""25"":true,""30"":true,""40"":true,""46"":true,""47"":true,""45"":true,""50"":true}","0","0","0","1","0","34D6BCF2667831B5B643EC1AB2DE0B435F764F912AA88E785FFBBC6EADB4F812B9C76B70EC9E","","","[""chats"",""write_chat"",""news"",""faq"",""lb_green"",""lb_black"",""builder_chat_generate"",""linesxi"",""builder_language_check"",""lbb_without_password""]","0","19/12/2024 18:11","29/04/2025 11:44","newbie","266"
"21","0","smelly","phChF1B2fL4jVG6aeoJg","0","1","oau5hh6ein1utnd7nns9b21stdqcbtrht4ct81a3","0","1734644190","1734972837","1","{""10"":true,""20"":true,""25"":true,""30"":true,""40"":true,""46"":true,""47"":true,""45"":true,""50"":true}","0","0","0","1","0","EMPTY","","","[""chats"",""write_chat"",""news"",""faq"",""lb_green"",""lb_black"",""builder_chat_generate"",""linesxi"",""builder_language_check"",""lbb_without_password""]","0","19/12/2024 21:36","29/04/2025 11:44","newbie","293"
"22","0","Attik","LoginAttikPasswordD2jBFtPnBMyYzKQQ4","0","1","odjjdbe14fkrt3r1cfis05knn0ru3h635kap051a","0","1734658034","1741370160","1","{""10"":true,""20"":true,""25"":true,""30"":true,""40"":true,""46"":true,""47"":true,""45"":true,""50"":true}","0","0","0","1","0","EMPTY","","","[""chats"",""write_chat"",""news"",""faq"",""lb_green"",""lb_black"",""builder_chat_generate"",""linesxi"",""builder_language_check"",""lbb_without_password""]","0","20/12/2024 01:27","29/04/2025 11:44","newbie","297"
"23","0","djokovic","8rtj17AAX0iRzJedkbfEPjCShDcFoux5Ps7Y3TtB","0","1","d757i3rqgfb4gl0s5a10kb7qanl7427i87g1fmvh","0","1734691234","1734691244","1","{""10"":true,""20"":true,""25"":true,""30"":true,""40"":true,""46"":true,""47"":true,""45"":true,""50"":true}","0","0","0","1","0","EMPTY","","","[""chats"",""write_chat"",""news"",""faq"",""lb_green"",""lb_black"",""builder_chat_generate"",""linesxi"",""builder_language_check"",""lbb_without_password""]","0","20/12/2024 10:40","29/04/2025 11:44","newbie","330"
"24","0","chondou","aJDSOJAD3dadjf3","0","1","t4isi57f9s1nv0k0q93u1tuv2df5ti5hh2q0bd95","0","1734693714","1735035940","1","{""10"":true,""20"":true,""25"":true,""30"":true,""40"":true,""46"":true,""47"":true,""45"":true,""50"":true}","0","0","0","1","0","EMPTY","","","[""chats"",""write_chat"",""news"",""faq"",""lb_green"",""lb_black"",""builder_chat_generate"",""linesxi"",""builder_language_check"",""lbb_without_password""]","0","20/12/2024 11:21","29/04/2025 11:44","newbie","338"
"25","0","Christopher","SDFvSGHYARSYHfs547ujEkbLSAjk","0","1","3vjopictg6ejh9e27va75dmin431mo72glufeueu","0","1734707913","1745907510","0","{""10"":true,""20"":true,""25"":true,""47"":true,""45"":true,""50"":true}","0","0","0","1","0","EMPTY","","","[""chats"",""write_chat"",""news"",""faq"",""lb_green"",""lb_black"",""builder_chat_generate"",""linesxi"",""builder_language_check"",""lbb_without_password""]","0","20/12/2024 15:18","29/04/2025 06:18","verified","223"
"26","0","MrSudo","Weekendlover69","0","1","12ju333b4mo7slub3kgd66u46nt0p30hka2tq0hk","0","1734737991","1736313499","1","{""10"":true,""20"":true,""25"":true,""30"":true,""40"":true,""46"":true,""47"":true,""45"":true,""50"":true}","0","0","0","1","0","EMPTY","","","[""chats"",""write_chat"",""news"",""faq"",""lb_green"",""lb_black"",""builder_chat_generate"",""linesxi"",""builder_language_check"",""lbb_without_password""]","0","20/12/2024 23:39","29/04/2025 11:44","newbie","424"
"27","0","amleto","CumGran0Salis","0","1","dnt0k8uuvqeo0tnl1ml80bj2di6b68cecchesejp","0","1734773560","1745457277","1","{""10"":true,""20"":true,""40"":true,""46"":true,""47"":true,""45"":true,""50"":true}","0","0","0","1","0","EMPTY","","","[""chats"",""write_chat"",""news"",""faq"",""lb_green"",""lb_black"",""builder_chat_generate"",""linesxi"",""builder_language_check"",""lbb_without_password""]","0","21/12/2024 09:32","24/04/2025 01:22","newbie","442"
"28","0","umarbishop47","f9sdXdrnOD7s2To1YEgy","0","1","6s602invcatjq9qmal91bsmibt22osu4ua3jqa1a","0","1734791589","1745927353","0","{""10"":true,""20"":true,""25"":true,""47"":true,""45"":true}","0","0","0","1","0","EMPTY","","","[""chats"",""write_chat"",""news"",""faq"",""lb_green"",""lb_black"",""builder_chat_generate"",""linesxi"",""builder_language_check"",""lbb_without_password""]","0","21/12/2024 14:33","29/04/2025 11:49","newbie","455"
"29","0","DamonBenton40","tNRAXOZ8TwBNowwjkwsv","0","1","00ilgotv9tatmcuaar453u2re8rj02tqesstc4ts","0","1734791912","1734791914","1","{""10"":true,""20"":true,""25"":true,""30"":true,""40"":true,""46"":true,""47"":true,""45"":true,""50"":true}","0","0","0","1","0","EMPTY","","","[""chats"",""write_chat"",""news"",""faq"",""lb_green"",""lb_black"",""builder_chat_generate"",""linesxi"",""builder_language_check"",""lbb_without_password""]","0","21/12/2024 14:38","29/04/2025 11:44","newbie","456"
"30","0","DaoodBaker29","EZmwwuGFmi1cnRV8byjb","0","1","muf1fkutmpihu4hov7om5apie5hej0e67q9gudtt","0","1734791953","1734791955","1","{""10"":true,""20"":true,""25"":true,""30"":true,""40"":true,""46"":true,""47"":true,""45"":true,""50"":true}","0","0","0","1","0","EMPTY","","","[""chats"",""write_chat"",""news"",""faq"",""lb_green"",""lb_black"",""builder_chat_generate"",""linesxi"",""builder_language_check"",""lbb_without_password""]","0","21/12/2024 14:39","29/04/2025 11:44","newbie","457"
"31","0","Beast","liDLpATH7tIvkQptUxo9","0","1","a730iekbqi7f019btc7qbmp6e83vjd48r1q9vim7","0","1734825891","1739203505","1","{""10"":true,""20"":true,""25"":true,""30"":true,""40"":true,""46"":true,""47"":true,""45"":true,""50"":true}","0","0","0","1","0","6F1C08C24D9EB6579B81BAB005C4D65B918F578A13D287E8489D538C530F1913F5DE30A1A8F4","","","[""chats"",""write_chat"",""news"",""faq"",""lb_green"",""lb_black"",""builder_chat_generate"",""linesxi"",""builder_language_check"",""lbb_without_password""]","0","22/12/2024 00:04","29/04/2025 11:44","pentester","446"
"32","0","Boston","SFvuj0Jl217jN87d7aklJduyeLd89hfM","0","1","s9ke1pp9qii2ssn8dc08631gmlomolumh3rl4g9h","0","1735056831","1745932688","0","{""10"":true,""20"":true,""25"":true,""47"":true,""45"":true,""50"":true}","0","0","0","1","0","EMPTY","","","[""chats"",""write_chat"",""news"",""faq"",""lb_green"",""lb_black"",""builder_chat_generate"",""linesxi"",""builder_language_check"",""lbb_without_password""]","0","24/12/2024 16:13","29/04/2025 13:18","newbie","707"
"33","0","Barcelona","SDghShgSyjhzr6gbsShjjhgd5456","0","1","0926aedpbg2h2ho4i7bsdf6tod6pbvr5j8kkm57e","0","1735074097","1745857195","0","{""10"":true,""20"":true,""25"":true,""40"":true,""46"":true,""47"":true,""45"":true,""50"":true}","0","0","0","1","0","EMPTY","","","[""chats"",""write_chat"",""news"",""faq"",""lb_green"",""lb_black"",""builder_chat_generate"",""linesxi"",""builder_language_check"",""lbb_without_password""]","0","24/12/2024 21:01","28/04/2025 16:19","newbie","708"
"34","0","Frank","Sgpaio038KLfgs9jlAJ03KKFG70","0","1","itt0bpljie2ho31snenea2d8v64enqb1tv27al1l","0","1735074212","1742008364","1","{""10"":true,""20"":true,""25"":true,""30"":true,""40"":true,""46"":true,""47"":true,""45"":true,""50"":true}","0","0","0","1","0","EMPTY","","","[""chats"",""write_chat"",""news"",""faq"",""lb_green"",""lb_black"",""builder_chat_generate"",""linesxi"",""builder_language_check"",""lbb_without_password""]","0","24/12/2024 21:03","29/04/2025 11:44","newbie","709"
"35","0","DarraghBerg","iE6u0eZwWuKLX33gqdqK","0","1","0jlktc69tib3kvm27g1m0ven3t58utaq1kiboun7","0","1735322505","1745176154","0","{""10"":true,""20"":true,""25"":true,""30"":true,""40"":true,""46"":true,""47"":true,""45"":true,""50"":true}","0","0","0","1","0","EMPTY","","","[""chats"",""write_chat"",""news"",""faq"",""lb_green"",""lb_black"",""builder_chat_generate"",""linesxi"",""builder_language_check"",""lbb_without_password""]","0","27/12/2024 18:01","20/04/2025 19:09","newbie","806"
"36","0","59X67","gszvdV9NOALA0htrhYN5","0","1","8rf8h26n7ughc6v4haqf0bte0ki80737rf9k43o6","0","1735333713","1744203298","0","{""10"":true,""20"":true,""25"":true,""30"":true,""40"":true,""46"":true,""47"":true,""45"":true,""50"":true}","0","0","0","1","0","EMPTY","","","[""chats"",""write_chat"",""news"",""faq"",""lb_green"",""lb_black"",""builder_chat_generate"",""linesxi"",""builder_language_check"",""lbb_without_password""]","0","27/12/2024 21:08","09/04/2025 12:54","newbie","857"
"37","0","king457533579","HeGfZXJ4MU3NvA98apr7kz","0","1","j2i09kmbe7q2klgf4k97u4ma3qubh92ctd4hc52g","0","1735430475","1741352532","1","{""10"":true,""20"":true,""25"":true,""30"":true,""40"":true,""46"":true,""47"":true,""45"":true,""50"":true}","0","0","0","1","0","EMPTY","","","[""chats"",""write_chat"",""news"",""faq"",""lb_green"",""lb_black"",""builder_chat_generate"",""linesxi"",""builder_language_check"",""lbb_without_password""]","0","29/12/2024 00:01","29/04/2025 11:44","ru target","876"
"38","0","NancyOliver","T8eEq958vwIJQCTnA5nCoKPKCnhqcCMsCrC5","0","1","h7t8u5vcrev8si8ehgttbbe20365nu90v9m33p5n","0","1735471392","1735471398","1","{""10"":true,""20"":true,""25"":true,""30"":true,""40"":true,""46"":true,""47"":true,""45"":true,""50"":true}","0","0","0","1","0","EMPTY","","","[""chats"",""write_chat"",""news"",""faq"",""lb_green"",""lb_black"",""builder_chat_generate"",""linesxi"",""builder_language_check"",""lbb_without_password""]","0","29/12/2024 11:23","29/04/2025 11:44","newbie","880"
"39","0","LoginUEWGVY232","b4tVjeiXZZJt5qaBwkZD","0","1","vnofh14hc04ci6q8pdl3auuvbdm8vn35c5n8ebav","0","1735471854","1735474952","1","{""10"":true,""20"":true,""25"":true,""30"":true,""40"":true,""46"":true,""47"":true,""45"":true,""50"":true}","0","0","0","1","0","EMPTY","","","[""chats"",""write_chat"",""news"",""faq"",""lb_green"",""lb_black"",""builder_chat_generate"",""linesxi"",""builder_language_check"",""lbb_without_password""]","0","29/12/2024 11:30","29/04/2025 11:44","newbie","660"
"40","0","white","Lockbit123","0","1","r1hq1ic6d151ickvufot03bqdt2t18hgqhj90b2u","0","1735537120","1744990318","0","{""10"":true,""20"":true,""25"":true,""30"":true,""40"":true,""46"":true,""47"":true,""45"":true,""50"":true}","0","0","0","1","0","EMPTY","","","[""chats"",""write_chat"",""news"",""faq"",""lb_green"",""lb_black"",""builder_chat_generate"",""linesxi"",""builder_language_check"",""lbb_without_password""]","0","30/12/2024 05:38","18/04/2025 15:31","newbie","896"
"41","0","TaneBates","h7UjxaklompHxvbvcCHu1","0","1","2rora4281880phod89f9mfd920rjf1f69f2maj0h","0","1736094889","1736459162","1","{""10"":true,""20"":true,""25"":true,""30"":true,""40"":true,""46"":true,""47"":true,""45"":true,""50"":true}","0","0","0","1","0","EMPTY","","","[""chats"",""write_chat"",""news"",""faq"",""lb_green"",""lb_black"",""builder_chat_generate"",""linesxi"",""builder_language_check"",""lbb_without_password""]","0","05/01/2025 16:34","29/04/2025 11:44","newbie","1007"
"42","0","Dezed941","PaLhStfS8AhprQw8b39b","0","1","0lvtvcr5e5tuer6ih2jjfem63peqgadrjcnsvqhd","0","1736200641","1739058374","1","{""10"":true,""20"":true,""25"":true,""30"":true,""40"":true,""46"":true,""47"":true,""45"":true,""50"":true}","0","0","0","1","0","EMPTY","","","[""chats"",""write_chat"",""news"",""faq"",""lb_green"",""lb_black"",""builder_chat_generate"",""linesxi"",""builder_language_check"",""lbb_without_password""]","0","06/01/2025 21:57","29/04/2025 11:44","newbie","1018"
"43","0","JamesCraig","7WMdxuFf4Po9QbTiiXAXRBofNiqsvgMAp5q","0","1","0954aoin7t5k9u18kjtleu8ug1hlu0no7nfmrmgk","0","1736415948","1745905366","0","{""10"":true,""20"":true,""40"":true,""47"":true,""45"":true,""50"":true}","0","0","0","1","0","EMPTY","","","[""chats"",""write_chat"",""news"",""faq"",""lb_green"",""lb_black"",""builder_chat_generate"",""linesxi"",""builder_language_check"",""lbb_without_password""]","0","09/01/2025 09:45","29/04/2025 05:42","verified","1041"
"44","0","xorar","4V2tJdfCEG2qqmbqBKXK","0","1","40m5ngb32594t65cbheuht80q2a40nttrdg7utsg","0","1736704952","1745653647","0","{""10"":true,""20"":true,""25"":true,""30"":true,""40"":true,""46"":true,""47"":true,""45"":true,""50"":true}","0","0","0","1","0","32769B08C152ACE853EE48C9212C78F8B1D87A5BC688368E8667EBE81FC77740D6E6271A4946","","","[""chats"",""write_chat"",""news"",""faq"",""lb_green"",""lb_black"",""builder_chat_generate"",""linesxi"",""builder_language_check"",""lbb_without_password""]","0","12/01/2025 18:02","26/04/2025 07:47","newbie","1113"
"45","0","GuillaumeAtkinson","efTygGlFFUCQnm0KPj3x","0","1","oh9pvj51tbt6fcb9j9dm6v2aqhfi7nj5djth22om","0","1736871448","1739816215","1","{""10"":true,""20"":true,""25"":true,""30"":true,""40"":true,""46"":true,""47"":true,""45"":true,""50"":true}","0","0","0","1","0","EMPTY","","","[""chats"",""write_chat"",""news"",""faq"",""lb_green"",""lb_black"",""builder_chat_generate"",""linesxi"",""builder_language_check"",""lbb_without_password""]","0","14/01/2025 16:17","29/04/2025 11:44","pentester","1147"
"46","0","NETWORKER","Lab422Nq306574B777","0","1","p8oj6q8lr3en20s8oiuqp2posael73vsmhe4r1o5","0","1736882384","1741546393","1","{""10"":true,""20"":true,""25"":true,""30"":true,""40"":true,""46"":true,""47"":true,""45"":true,""50"":true}","0","0","0","1","0","EMPTY","","","[""chats"",""write_chat"",""news"",""faq"",""lb_green"",""lb_black"",""builder_chat_generate"",""linesxi"",""builder_language_check"",""lbb_without_password""]","0","14/01/2025 19:19","29/04/2025 11:44","newbie","1156"
"47","0","eq45crdwb54cq6wbVR3rF","NBYw8ebtynm9webnmy78btnwm","0","1","ut3qm94p97qnkfnaj5esm5d9jafrf59sfdvip0hg","0","1736890484","1737066173","1","{""10"":true,""20"":true,""25"":true,""30"":true,""40"":true,""46"":true,""47"":true,""45"":true,""50"":true}","0","0","0","1","0","EMPTY","","","[""chats"",""write_chat"",""news"",""faq"",""lb_green"",""lb_black"",""builder_chat_generate"",""linesxi"",""builder_language_check"",""lbb_without_password""]","0","14/01/2025 21:34","29/04/2025 11:44","newbie","1140"
"48","0","KoreyAllen","1AX5yE2y0dcWGO8sQ678jla","0","1","2mt1h46oiategvt2ftt9j5iipvjmn6c2l9pkn40p","0","1736938678","1745402886","0","{""10"":true,""20"":true,""25"":true,""40"":true,""46"":true,""47"":true,""45"":true,""50"":true}","0","0","0","1","0","EMPTY","","","[""chats"",""write_chat"",""news"",""faq"",""lb_green"",""lb_black"",""builder_chat_generate"",""linesxi"",""builder_language_check"",""lbb_without_password""]","0","15/01/2025 10:57","23/04/2025 10:08","pentester","1178"
"49","0","JamesEdwards","qe6aBPBUhU3EU6hq2NpRc6cz","0","1","hgokuffo36eclojhthmbh6dbc80101ojldmnpcgl","0","1736985505","1737038818","1","{""10"":true,""20"":true,""25"":true,""30"":true,""40"":true,""46"":true,""47"":true,""45"":true,""50"":true}","0","0","0","1","0","A16F9CFED87FBBC8BF81453E7D44FF8C5E22D76A6F914A920BD4CDD79E82FA693F90484C5F2E","","","[""chats"",""write_chat"",""news"",""faq"",""lb_green"",""lb_black"",""builder_chat_generate"",""linesxi"",""builder_language_check"",""lbb_without_password""]","0","15/01/2025 23:58","29/04/2025 11:44","newbie","1189"
"50","0","hnurennusbfdejkjkjbJKBDSh","r1fRz8pAHpHFjsq1073m","0","1","ut3qm94p97qnkfnaj5esm5d9jafrf59sfdvip0hg","0","1737066148","0","0","{""10"":true,""20"":true,""25"":true,""30"":true,""40"":true,""46"":true,""47"":true,""45"":true,""50"":true}","0","0","0","1","0","EMPTY","","","[""chats"",""write_chat"",""news"",""faq"",""lb_green"",""lb_black"",""builder_chat_generate"",""linesxi"",""builder_language_check"",""lbb_without_password""]","0","16/01/2025 22:22","27/03/2025 13:56","newbie","1152"
"51","0","Jo2ieveaKu","qb6fac45XwNOjF9","0","1","lp77ca06b5s35ec0pbbqls978biu6missh5b3e8m","0","1737362647","1739076795","1","{""10"":true,""20"":true,""25"":true,""30"":true,""40"":true,""46"":true,""47"":true,""45"":true,""50"":true}","0","0","0","1","0","EABCD0CEB534AB015EAB8CF408C1B5A2DA3DC93001C713C708581B41E9AE4162700AB5C2346B","","","[""chats"",""write_chat"",""news"",""faq"",""lb_green"",""lb_black"",""builder_chat_generate"",""linesxi"",""builder_language_check"",""lbb_without_password""]","0","20/01/2025 08:44","29/04/2025 11:44","newbie","1271"
"52","0","RiccardoBond","kyiUmxscWtlDH5yOfzcw","0","1","r33n4nleid00r0sbjeftfvhcr3t3292dn09qmaou","0","1737601924","1739632503","1","{""10"":true,""20"":true,""25"":true,""30"":true,""40"":true,""46"":true,""47"":true,""45"":true,""50"":true}","0","0","0","1","0","99C252A1E1A9CA7442408A3FD11C1CF0F1D1A8A64CE03BC8BED4F21D77F89E4E20A2AE35E09A","","","[""chats"",""write_chat"",""news"",""faq"",""lb_green"",""lb_black"",""builder_chat_generate"",""linesxi"",""builder_language_check"",""lbb_without_password""]","0","23/01/2025 03:12","29/04/2025 11:44","scammer","1315"
"53","0","RAFAELCASINOS","Tk8oOXE7RCb2Xfb0jRtE","0","1","ni8m2lrtggh92p5o19o6s60lc307foir9678n4rt","0","1738497090","1739222718","1","{""10"":true,""20"":true,""25"":true,""30"":true,""40"":true,""46"":true,""47"":true,""45"":true,""50"":true}","0","0","0","1","0","C55A0B3DC4C43953016D7F7D578F4A9B9132E3DAED9857BE5CFB9A59385D6271B6AD1AE6A8FF","","","[""chats"",""write_chat"",""news"",""faq"",""lb_green"",""lb_black"",""builder_chat_generate"",""linesxi"",""builder_language_check"",""lbb_without_password""]","0","02/02/2025 11:51","29/04/2025 11:44","newbie","1149"
"54","0","affiliate900","IhW3FcEc8Gte1T3i8m7d","0","1","d5fh3vjq4j83vvj2ectrquipk9b5mr2leokaigva","0","1738500617","1745922510","0","{""10"":true,""20"":true,""40"":true,""47"":true,""45"":true,""50"":true}","0","0","0","1","0","97918B43754F3F7132F5FDD4322933CF3629E926625752ED4C59CA7A07D60E5F95D1AF90C275","","","[""chats"",""write_chat"",""news"",""faq"",""lb_green"",""lb_black"",""builder_chat_generate"",""linesxi"",""builder_language_check"",""lbb_without_password""]","0","02/02/2025 12:50","29/04/2025 10:28","newbie","1460"
"55","0","btcdrugdealer","GUTDFUYGGUfyuHI6565655","0","1","8l8mrfsaachhmhh6ui7snhijee52dpkjncd0qajn","0","1738504150","1745807802","0","{""10"":true,""20"":true,""40"":true,""46"":true,""47"":true,""45"":true,""50"":true}","0","0","0","1","0","367593D80D2DE9D5C75F2F0EF6A1806D3A253AE04C59CF07C673525814163F51C2481FAE3ED9","","","[""chats"",""write_chat"",""news"",""faq"",""lb_green"",""lb_black"",""builder_chat_generate"",""linesxi"",""builder_language_check"",""lbb_without_password""]","0","02/02/2025 13:49","28/04/2025 02:36","verified","1439"
"56","0","FutbolFreak","MovingBricks69420","0","1","jogg3nfcjhhc8let766ae76icd0mp55j2oj6lkmg","0","1738627804","1741410854","1","{""10"":true,""20"":true,""25"":true,""30"":true,""40"":true,""46"":true,""47"":true,""45"":true,""50"":true}","0","0","0","1","0","EMPTY","","","[""chats"",""write_chat"",""news"",""faq"",""lb_green"",""lb_black"",""builder_chat_generate"",""linesxi"",""builder_language_check"",""lbb_without_password""]","0","04/02/2025 00:10","29/04/2025 11:44","newbie","1526"
"57","0","godsjp","Lockbitproud231","0","1","83p28f3tc503ia75jrea607qfrea7513tq0pndv6","0","1738635741","1744600436","0","{""10"":true,""20"":true,""25"":true,""30"":true,""40"":true,""46"":true,""47"":true,""45"":true,""50"":true}","0","0","0","1","0","EMPTY","","","[""chats"",""write_chat"",""news"",""faq"",""lb_green"",""lb_black"",""builder_chat_generate"",""linesxi"",""builder_language_check"",""lbb_without_password""]","0","04/02/2025 02:22","14/04/2025 03:13","newbie","1514"
"58","0","albertsrun","atkKHF2sL76kuS9bZWGY","0","1","554o3iqeibf9dasknsfqslsvg09f3vpc13ce96mk","0","1738984719","1745085130","0","{""10"":true,""20"":true,""25"":true,""30"":true,""40"":true,""46"":true,""47"":true,""45"":true,""50"":true}","0","0","0","1","0","EMPTY","","","[""chats"",""write_chat"",""news"",""faq"",""lb_green"",""lb_black"",""builder_chat_generate"",""linesxi"",""builder_language_check"",""lbb_without_password""]","0","08/02/2025 03:18","19/04/2025 17:52","newbie","1588"
"59","0","ZachariasAcosta","z7z9WG10hldgW5ULbKb1","0","1","keor4o87tuj4ssmab78m9vckq6fd3egn3doc0l8t","0","1739224326","1744838910","0","{""10"":true,""20"":true,""25"":true,""30"":true,""40"":true,""46"":true,""47"":true,""45"":true,""50"":true}","0","0","0","1","0","EMPTY","","","[""chats"",""write_chat"",""news"",""faq"",""lb_green"",""lb_black"",""builder_chat_generate"",""linesxi"",""builder_language_check"",""lbb_without_password""]","0","10/02/2025 21:52","16/04/2025 21:28","newbie","1154"
"61","0","OwenBender","1N2yx18zYJ6RnDXHdGdz","0","1","74k5f8b91m89d6mogasgk1erg7jq55k5ao30u6l0","0","1739903169","1742773716","0","{""10"":true,""20"":true,""25"":true,""30"":true,""40"":true,""46"":true,""47"":true,""45"":true,""50"":true}","0","0","0","1","0","EMPTY","","","[""chats"",""write_chat"",""news"",""faq"",""lb_green"",""lb_black"",""builder_chat_generate"",""linesxi"",""builder_language_check"",""lbb_without_password""]","0","18/02/2025 18:26","27/03/2025 13:56","newbie","1150"
"62","0","RamsayBowers","a9SiNYVwTrwizGGnIwqr","0","1","2a89lub4358teddd9qeh2bcr0ud5qtq16slqjdqk","0","1739903422","1744057653","0","{""10"":true,""20"":true,""25"":true,""30"":true,""40"":true,""46"":true,""47"":true,""45"":true,""50"":true}","0","0","0","1","0","EMPTY","","","[""chats"",""write_chat"",""news"",""faq"",""lb_green"",""lb_black"",""builder_chat_generate"",""linesxi"",""builder_language_check"",""lbb_without_password""]","0","18/02/2025 18:30","07/04/2025 20:27","newbie","1151"
"63","0","xbetik","BUl011iWa08ZQs6wk193","0","1","e9nbha3nsdsp0vms9s686mnrse2tafsfl1p3hs29","0","1740435165","1743582071","0","{""10"":true,""20"":true,""30"":true,""40"":true,""46"":true,""47"":true,""45"":true}","0","0","0","1","0","EMPTY","","","[""chats"",""write_chat"",""news"",""faq"",""lb_green"",""lb_black"",""builder_chat_generate"",""linesxi"",""builder_language_check"",""lbb_without_password""]","0","24/02/2025 22:12","02/04/2025 08:21","newbie","1967"
"64","0","attic","LoginAttikPasswordD2jBFtPnBMyYzKQQ4","0","1","trav2t1l69ommr289cdfiv2ffevv43kiah3naigr","0","1740578243","1742938910","0","{""10"":true,""20"":true,""25"":true,""30"":true,""40"":true,""46"":true,""47"":true,""45"":true,""50"":true}","0","0","0","1","0","EMPTY","","","[""chats"",""write_chat"",""news"",""faq"",""lb_green"",""lb_black"",""builder_chat_generate"",""linesxi"",""builder_language_check"",""lbb_without_password""]","0","26/02/2025 13:57","27/03/2025 13:56","newbie","1971"
"65","0","Iofikdis","cpY2W62u3wZTnejzTTMY6zCkpSF8NsPp6ZueGxWS","0","1","qs10aan5kg5gnbg800r39utkhisgs282op5cif5m","0","1742015342","1745925423","0","{""10"":true,""20"":true,""46"":true,""47"":true,""45"":true,""50"":true,""40"":true}","0","0","0","1","0","EMPTY","","","[""chats"",""write_chat"",""news"",""faq"",""lb_green"",""lb_black"",""builder_chat_generate"",""linesxi"",""builder_language_check"",""lbb_without_password""]","0","15/03/2025 05:09","29/04/2025 11:17","newbie","2369"
"66","0","pariknson","fvHGA1eCy86bbE","0","1","53qpu22kq580pfoei5hv3uog4qc5lhlaq03qjosp","0","1742681661","1745363093","0","{""10"":true,""20"":true,""25"":true,""30"":true,""40"":true,""46"":true,""47"":true,""45"":true,""50"":true}","0","0","0","1","0","EMPTY","","","[""chats"",""write_chat"",""news"",""faq"",""lb_green"",""lb_black"",""builder_chat_generate"",""linesxi"",""builder_language_check"",""lbb_without_password""]","0","22/03/2025 22:14","22/04/2025 23:04","newbie","2503"
"67","0","UrbanBaldwin","ADv3rtaN0chDlinna2025LB","0","1","83b7q9pl8gfgqq56s4vprh2v4jib8d7nlu57cbfg","0","1742768178","1745804216","0","{""10"":true,""20"":true,""25"":true,""40"":true,""46"":true,""47"":true,""45"":true,""50"":true}","0","0","0","1","0","EMPTY","","","[""chats"",""write_chat"",""news"",""faq"",""lb_green"",""lb_black"",""builder_chat_generate"",""linesxi"",""builder_language_check"",""lbb_without_password""]","0","23/03/2025 22:16","28/04/2025 01:36","newbie","2504"
"68","0","SIUfk23","SIUfk23JHFDjlk34sadf","0","1","8o2707mcq0a36t712fthcgd178nqi4uqdn50u2p3","0","1742888123","1742903934","0","{""10"":true,""20"":true,""25"":true,""30"":true,""40"":true,""46"":true,""47"":true,""45"":true,""50"":true}","0","0","0","1","0","90FD27C39BFB0DC44AE8E87B0CA5E347E23444933DBA4E1E133C6E731F3764016B45EAF83EB7","","","[""chats"",""write_chat"",""news"",""faq"",""lb_green"",""lb_black"",""builder_chat_generate"",""linesxi"",""builder_language_check"",""lbb_without_password""]","0","25/03/2025 07:35","27/03/2025 13:56","newbie","2555"
"69","0","BaleyBeach","kR5b7ma7qn6ziwqgbrij2czhc","0","1","jq8a58gi6neaih8vuk9kehk6rab64tk9r75nd0o0","0","1743355929","1745917980","0","[]","0","0","0","1","0","EMPTY","","","[""chats"",""write_chat"",""news"",""faq"",""lb_green"",""lb_black"",""builder_chat_generate"",""linesxi"",""builder_language_check"",""lbb_without_password""]","0","30/03/2025 17:32","29/04/2025 09:13","newbie","2696"
"70","0","Swan","BOgNT2Z8LwgtsXF0KrTc","0","1","2jsbf4r9u0p4qgd2hphop7n7lku9rv69ormf2g1l","0","1743686116","1745933004","0","[]","0","0","0","1","0","3B5421CC5D6E70CE7AB8C08D3281476766F42B1D46CA892AC5DF6EB1BB1FCE323CF8E4837CDA","","","[""chats"",""write_chat"",""news"",""faq"",""lb_green"",""lb_black"",""builder_chat_generate"",""linesxi"",""builder_language_check"",""lbb_without_password""]","0","03/04/2025 13:15","29/04/2025 13:23","verified","2803"
"71","0","AarronBarker","oOD674hVg928CBLID6RL","0","1","s8gllnhmvtha3lloufqnhha4b2tita1klkvtccmo","0","1743866988","1745921149","0","[]","0","0","0","1","0","EB257D87D1032534673CE391699B9D46FDD4679119255D44D024DB3AEB7F980FD147601105F9","","","[""chats"",""write_chat"",""news"",""faq"",""lb_green"",""lb_black"",""builder_chat_generate"",""linesxi"",""builder_language_check"",""lbb_without_password""]","0","05/04/2025 15:29","29/04/2025 10:05","newbie","2890"
"72","0","KlyonShift","u3PaP46hR2HXKzeWWcgw","0","1","l5v8g4oclht465vapt9j10ipjtleaq2vtciqc1du","0","1744377273","1745068124","0","{""30"":true}","0","0","0","1","0","F3DBBCA3547CEF26EAB7892483A299A77CDC8D9961D1E9292E2AEE1CCAF7D33DCA512852CFF6","","","[""chats"",""write_chat"",""news"",""faq"",""lb_green"",""lb_black"",""builder_chat_generate"",""linesxi"",""builder_language_check"",""lbb_without_password""]","0","11/04/2025 13:14","19/04/2025 13:08","newbie","3065"
"73","0","KianJamesBarr","dapvjXJJK4mj65rw76wO","0","1","dsgo5knj6in3bh9s5sorfal1bmsshs9priehab5s","0","1744551643","1745810818","0","{""40"":true}","0","0","0","1","0","1239C42428A21EBB55ECBDDFB0B69AFA8EECD0CC69AEC9EA46881CBAAB3D3D0D18E6D979D182","","","[""chats"",""write_chat"",""news"",""faq"",""lb_green"",""lb_black"",""builder_chat_generate"",""linesxi"",""builder_language_check"",""lbb_without_password""]","0","13/04/2025 13:40","28/04/2025 03:26","newbie","3098"
"74","0","hastalamuerte18","Lavidaloca18","0","1","65p6458953mpitnt5a5ibhk75s37kda4i3qbr98b","0","1745154504","1745926880","0","{""30"":true}","0","0","0","1","0","6ACF76AA3F654F6687E5E42F5B1BAEC658F45CEE18EA41D5D5DE97A320EDB0340F8EF6758C0B","","","[""chats"",""write_chat"",""news"",""faq"",""lb_green"",""lb_black"",""builder_chat_generate"",""linesxi"",""builder_language_check"",""lbb_without_password""]","0","20/04/2025 13:08","29/04/2025 11:41","newbie","3338"
"75","0","ExtortionLord","gRh7539syEBj0lypdgi5","0","1","eqndti1cu29u6j0668setr7m44tg9noqmua36ik2","0","1745239132","1745854002","0","[]","0","0","0","1","0","4DEBEB92B3A547C9F0E563CA015D725D76FE47C30E482B1C42C363D10394160D93AA54DB55A9","","","[""chats"",""write_chat"",""news"",""faq"",""lb_green"",""lb_black"",""builder_chat_generate"",""linesxi"",""builder_language_check"",""lbb_without_password""]","0","21/04/2025 12:38","28/04/2025 15:26","newbie","3388"
"76","0","wlteaml","v0NF9rJtCbPjy4lDh8Bn","0","1","f26137j7c4ek4evmri3c29vo9g34gkaphirleioc","0","1745317692","1745321432","0","[]","0","0","0","1","0","3DCE1C43491FC92EA7010322040B254FDD2731001C2DDC2B9E819F0C946BDC3CD251FA3B694A","","","[""chats"",""write_chat"",""news"",""faq"",""lb_green"",""lb_black"",""builder_chat_generate"",""linesxi"",""builder_language_check"",""lbb_without_password""]","0","22/04/2025 10:28","22/04/2025 11:30","newbie","3411"
